ISO-10303-21;
HEADER;
FILE_DESCRIPTION(('ViewDefinition[DesignTransferView]'),'2;1');
FILE_NAME('Three.ifc','2025-12-24T01:15:04+02:00',$,$,'IfcOpenShell 0.8.0','Bonsai 0.8.0','Nobody');
FILE_SCHEMA(('IFC4'));
ENDSEC;
DATA;
#1=IFCPROJECT('1_S6x1wzX7jO0HsOjdG9GD',$,'My Project',$,$,$,$,(#14,#26),#9);
#2=IFCSIUNIT(*,.LENGTHUNIT.,$,.METRE.);
#3=IFCSIUNIT(*,.AREAUNIT.,$,.SQUARE_METRE.);
#4=IFCSIUNIT(*,.VOLUMEUNIT.,$,.CUBIC_METRE.);
#5=IFCDIMENSIONALEXPONENTS(0,0,0,0,0,0,0);
#6=IFCSIUNIT(*,.PLANEANGLEUNIT.,$,.RADIAN.);
#7=IFCMEASUREWITHUNIT(IFCREAL(0.0174532925199433),#6);
#8=IFCCONVERSIONBASEDUNIT(#5,.PLANEANGLEUNIT.,'degree',#7);
#9=IFCUNITASSIGNMENT((#4,#2,#8,#3));
#10=IFCCARTESIANPOINT((0.,0.,0.));
#11=IFCDIRECTION((0.,0.,1.));
#12=IFCDIRECTION((1.,0.,0.));
#13=IFCAXIS2PLACEMENT3D(#10,#11,#12);
#14=IFCGEOMETRICREPRESENTATIONCONTEXT($,'Model',3,1.E-05,#13,$);
#15=IFCGEOMETRICREPRESENTATIONSUBCONTEXT('Body','Model',*,*,*,*,#14,$,.MODEL_VIEW.,$);
#16=IFCGEOMETRICREPRESENTATIONSUBCONTEXT('Axis','Model',*,*,*,*,#14,$,.GRAPH_VIEW.,$);
#17=IFCGEOMETRICREPRESENTATIONSUBCONTEXT('Box','Model',*,*,*,*,#14,$,.MODEL_VIEW.,$);
#18=IFCGEOMETRICREPRESENTATIONSUBCONTEXT('Annotation','Model',*,*,*,*,#14,$,.SECTION_VIEW.,$);
#19=IFCGEOMETRICREPRESENTATIONSUBCONTEXT('Annotation','Model',*,*,*,*,#14,$,.ELEVATION_VIEW.,$);
#20=IFCGEOMETRICREPRESENTATIONSUBCONTEXT('Annotation','Model',*,*,*,*,#14,$,.MODEL_VIEW.,$);
#21=IFCGEOMETRICREPRESENTATIONSUBCONTEXT('Annotation','Model',*,*,*,*,#14,$,.PLAN_VIEW.,$);
#22=IFCGEOMETRICREPRESENTATIONSUBCONTEXT('Profile','Model',*,*,*,*,#14,$,.ELEVATION_VIEW.,$);
#23=IFCCARTESIANPOINT((0.,0.));
#24=IFCDIRECTION((1.,0.));
#25=IFCAXIS2PLACEMENT2D(#23,#24);
#26=IFCGEOMETRICREPRESENTATIONCONTEXT($,'Plan',2,1.E-05,#25,$);
#27=IFCGEOMETRICREPRESENTATIONSUBCONTEXT('Axis','Plan',*,*,*,*,#26,$,.GRAPH_VIEW.,$);
#28=IFCGEOMETRICREPRESENTATIONSUBCONTEXT('Body','Plan',*,*,*,*,#26,$,.PLAN_VIEW.,$);
#29=IFCGEOMETRICREPRESENTATIONSUBCONTEXT('Annotation','Plan',*,*,*,*,#26,$,.PLAN_VIEW.,$);
#30=IFCSITE('1mgHd1$UP5Z9iJA_OsP277',$,'My Site',$,$,#53,$,$,$,$,$,$,$,$);
#36=IFCBUILDING('0XlPpgQnH3jPRDXLDMg12a',$,'My Building',$,$,#59,$,$,$,$,$,$);
#42=IFCBUILDINGSTOREY('1cXw1aQpD0NOImLDfkPS5j',$,'My Storey',$,$,#65,$,$,$,$);
#48=IFCRELAGGREGATES('0jpGaHm1L0nwrQQa$WK3x_',$,$,$,#1,(#30));
#49=IFCCARTESIANPOINT((0.,0.,0.));
#50=IFCDIRECTION((0.,0.,1.));
#51=IFCDIRECTION((1.,0.,0.));
#52=IFCAXIS2PLACEMENT3D(#49,#50,#51);
#53=IFCLOCALPLACEMENT($,#52);
#54=IFCRELAGGREGATES('1ZXtlnzBP3ngi8HmAIG_y7',$,$,$,#30,(#36));
#55=IFCCARTESIANPOINT((0.,0.,0.));
#56=IFCDIRECTION((0.,0.,1.));
#57=IFCDIRECTION((1.,0.,0.));
#58=IFCAXIS2PLACEMENT3D(#55,#56,#57);
#59=IFCLOCALPLACEMENT(#53,#58);
#60=IFCRELAGGREGATES('0xp2UHiWzEEwzcFgRw7YXK',$,$,$,#36,(#42));
#61=IFCCARTESIANPOINT((0.,0.,0.));
#62=IFCDIRECTION((0.,0.,1.));
#63=IFCDIRECTION((1.,0.,0.));
#64=IFCAXIS2PLACEMENT3D(#61,#62,#63);
#65=IFCLOCALPLACEMENT(#59,#64);
#66=IFCCOLUMN('0Og6qF3yjF1OltkBrzncqU',$,'Cone',$,$,#117,#111,$,.COLUMN.);
#72=IFCINDEXEDPOLYGONALFACE((1,33,2));
#73=IFCINDEXEDPOLYGONALFACE((2,33,3));
#74=IFCINDEXEDPOLYGONALFACE((3,33,4));
#75=IFCINDEXEDPOLYGONALFACE((4,33,5));
#76=IFCINDEXEDPOLYGONALFACE((5,33,6));
#77=IFCINDEXEDPOLYGONALFACE((6,33,7));
#78=IFCINDEXEDPOLYGONALFACE((7,33,8));
#79=IFCINDEXEDPOLYGONALFACE((8,33,9));
#80=IFCINDEXEDPOLYGONALFACE((9,33,10));
#81=IFCINDEXEDPOLYGONALFACE((10,33,11));
#82=IFCINDEXEDPOLYGONALFACE((11,33,12));
#83=IFCINDEXEDPOLYGONALFACE((12,33,13));
#84=IFCINDEXEDPOLYGONALFACE((13,33,14));
#85=IFCINDEXEDPOLYGONALFACE((14,33,15));
#86=IFCINDEXEDPOLYGONALFACE((15,33,16));
#87=IFCINDEXEDPOLYGONALFACE((16,33,17));
#88=IFCINDEXEDPOLYGONALFACE((17,33,18));
#89=IFCINDEXEDPOLYGONALFACE((18,33,19));
#90=IFCINDEXEDPOLYGONALFACE((19,33,20));
#91=IFCINDEXEDPOLYGONALFACE((20,33,21));
#92=IFCINDEXEDPOLYGONALFACE((21,33,22));
#93=IFCINDEXEDPOLYGONALFACE((22,33,23));
#94=IFCINDEXEDPOLYGONALFACE((23,33,24));
#95=IFCINDEXEDPOLYGONALFACE((24,33,25));
#96=IFCINDEXEDPOLYGONALFACE((25,33,26));
#97=IFCINDEXEDPOLYGONALFACE((26,33,27));
#98=IFCINDEXEDPOLYGONALFACE((27,33,28));
#99=IFCINDEXEDPOLYGONALFACE((28,33,29));
#100=IFCINDEXEDPOLYGONALFACE((29,33,30));
#101=IFCINDEXEDPOLYGONALFACE((30,33,31));
#102=IFCINDEXEDPOLYGONALFACE((1,2,3,4,5,6,7,8,9,10,11,12,13,14,15,16,17,18,19,20,21,22,23,24,25,26,27,28,29,30,31,32));
#103=IFCINDEXEDPOLYGONALFACE((31,33,32));
#104=IFCINDEXEDPOLYGONALFACE((32,33,1));
#105=IFCCARTESIANPOINTLIST3D(((0.,1.,-1.),(0.1950903236866,0.980785250663757,-1.),(0.382683455944061,0.923879504203796,-1.),(0.555570244789124,0.831469595432281,-1.),(0.70710676908493,0.70710676908493,-1.),(0.831469595432281,0.555570244789124,-1.),(0.923879504203796,0.382683455944061,-1.),(0.980785250663757,0.1950903236866,-1.),(1.,0.,-1.),(0.980785250663757,-0.1950903236866,-1.),(0.923879504203796,-0.382683455944061,-1.),(0.831469595432281,-0.555570244789124,-1.),(0.70710676908493,-0.70710676908493,-1.),(0.555570244789124,-0.831469595432281,-1.),(0.382683455944061,-0.923879504203796,-1.),(0.1950903236866,-0.980785250663757,-1.),(0.,-1.,-1.),(-0.1950903236866,-0.980785250663757,-1.),(-0.382683455944061,-0.923879504203796,-1.),(-0.555570244789124,-0.831469595432281,-1.),(-0.70710676908493,-0.70710676908493,-1.),(-0.831469595432281,-0.555570244789124,-1.),(-0.923879504203796,-0.382683455944061,-1.),(-0.980785250663757,-0.1950903236866,-1.),(-1.,0.,-1.),(-0.980785250663757,0.1950903236866,-1.),(-0.923879504203796,0.382683455944061,-1.),(-0.831469595432281,0.555570244789124,-1.),(-0.70710676908493,0.70710676908493,-1.),(-0.555570244789124,0.831469595432281,-1.),(-0.382683455944061,0.923879504203796,-1.),(-0.1950903236866,0.980785250663757,-1.),(0.,0.,1.)));
#106=IFCPOLYGONALFACESET(#105,.T.,(#72,#73,#74,#75,#76,#77,#78,#79,#80,#81,#82,#83,#84,#85,#86,#87,#88,#89,#90,#91,#92,#93,#94,#95,#96,#97,#98,#99,#100,#101,#102,#103,#104),$);
#107=IFCSHAPEREPRESENTATION(#15,'Body','Tessellation',(#106));
#108=IFCCARTESIANPOINT((-1.,-1.,-1.));
#109=IFCBOUNDINGBOX(#108,2.,2.,2.);
#110=IFCSHAPEREPRESENTATION(#17,'Box','BoundingBox',(#109));
#111=IFCPRODUCTDEFINITIONSHAPE($,$,(#110,#107));
#112=IFCRELCONTAINEDINSPATIALSTRUCTURE('1UFPEg6WvAQh6a6xyUmzEP',$,$,$,(#169,#118,#220,#750,#66,#1280),#42);
#113=IFCCARTESIANPOINT((0.,0.,0.998579144477844));
#114=IFCDIRECTION((0.,0.,1.));
#115=IFCDIRECTION((1.,0.,0.));
#116=IFCAXIS2PLACEMENT3D(#113,#114,#115);
#117=IFCLOCALPLACEMENT(#65,#116);
#118=IFCCOLUMN('2qVo8UdmT0LRoaW9Z_PFzB',$,'Cone',$,$,#168,#163,$,.COLUMN.);
#124=IFCINDEXEDPOLYGONALFACE((1,33,2));
#125=IFCINDEXEDPOLYGONALFACE((2,33,3));
#126=IFCINDEXEDPOLYGONALFACE((3,33,4));
#127=IFCINDEXEDPOLYGONALFACE((4,33,5));
#128=IFCINDEXEDPOLYGONALFACE((5,33,6));
#129=IFCINDEXEDPOLYGONALFACE((6,33,7));
#130=IFCINDEXEDPOLYGONALFACE((7,33,8));
#131=IFCINDEXEDPOLYGONALFACE((8,33,9));
#132=IFCINDEXEDPOLYGONALFACE((9,33,10));
#133=IFCINDEXEDPOLYGONALFACE((10,33,11));
#134=IFCINDEXEDPOLYGONALFACE((11,33,12));
#135=IFCINDEXEDPOLYGONALFACE((12,33,13));
#136=IFCINDEXEDPOLYGONALFACE((13,33,14));
#137=IFCINDEXEDPOLYGONALFACE((14,33,15));
#138=IFCINDEXEDPOLYGONALFACE((15,33,16));
#139=IFCINDEXEDPOLYGONALFACE((16,33,17));
#140=IFCINDEXEDPOLYGONALFACE((17,33,18));
#141=IFCINDEXEDPOLYGONALFACE((18,33,19));
#142=IFCINDEXEDPOLYGONALFACE((19,33,20));
#143=IFCINDEXEDPOLYGONALFACE((20,33,21));
#144=IFCINDEXEDPOLYGONALFACE((21,33,22));
#145=IFCINDEXEDPOLYGONALFACE((22,33,23));
#146=IFCINDEXEDPOLYGONALFACE((23,33,24));
#147=IFCINDEXEDPOLYGONALFACE((24,33,25));
#148=IFCINDEXEDPOLYGONALFACE((25,33,26));
#149=IFCINDEXEDPOLYGONALFACE((26,33,27));
#150=IFCINDEXEDPOLYGONALFACE((27,33,28));
#151=IFCINDEXEDPOLYGONALFACE((28,33,29));
#152=IFCINDEXEDPOLYGONALFACE((29,33,30));
#153=IFCINDEXEDPOLYGONALFACE((30,33,31));
#154=IFCINDEXEDPOLYGONALFACE((1,2,3,4,5,6,7,8,9,10,11,12,13,14,15,16,17,18,19,20,21,22,23,24,25,26,27,28,29,30,31,32));
#155=IFCINDEXEDPOLYGONALFACE((31,33,32));
#156=IFCINDEXEDPOLYGONALFACE((32,33,1));
#157=IFCCARTESIANPOINTLIST3D(((0.,0.805833101272583,-0.805833101272583),(0.157210245728493,0.790349245071411,-0.805833101272583),(0.308378994464874,0.744492709636688,-0.805833101272583),(0.447696894407272,0.670025706291199,-0.805833101272583),(0.569810032844543,0.569810032844543,-0.805833101272583),(0.670025706291199,0.447696894407272,-0.805833101272583),(0.744492709636688,0.308378994464874,-0.805833101272583),(0.790349245071411,0.157210245728493,-0.805833101272583),(0.805833101272583,0.,-0.805833101272583),(0.790349245071411,-0.157210245728493,-0.805833101272583),(0.744492709636688,-0.308378994464874,-0.805833101272583),(0.670025706291199,-0.447696894407272,-0.805833101272583),(0.569810032844543,-0.569810032844543,-0.805833101272583),(0.447696894407272,-0.670025706291199,-0.805833101272583),(0.308378994464874,-0.744492709636688,-0.805833101272583),(0.157210245728493,-0.790349245071411,-0.805833101272583),(0.,-0.805833101272583,-0.805833101272583),(-0.157210245728493,-0.790349245071411,-0.805833101272583),(-0.308378994464874,-0.744492709636688,-0.805833101272583),(-0.447696894407272,-0.670025706291199,-0.805833101272583),(-0.569810032844543,-0.569810032844543,-0.805833101272583),(-0.670025706291199,-0.447696894407272,-0.805833101272583),(-0.744492709636688,-0.308378994464874,-0.805833101272583),(-0.790349245071411,-0.157210245728493,-0.805833101272583),(-0.805833101272583,0.,-0.805833101272583),(-0.790349245071411,0.157210245728493,-0.805833101272583),(-0.744492709636688,0.308378994464874,-0.805833101272583),(-0.670025706291199,0.447696894407272,-0.805833101272583),(-0.569810032844543,0.569810032844543,-0.805833101272583),(-0.447696894407272,0.670025706291199,-0.805833101272583),(-0.308378994464874,0.744492709636688,-0.805833101272583),(-0.157210245728493,0.790349245071411,-0.805833101272583),(0.,0.,0.805833101272583)));
#158=IFCPOLYGONALFACESET(#157,.T.,(#124,#125,#126,#127,#128,#129,#130,#131,#132,#133,#134,#135,#136,#137,#138,#139,#140,#141,#142,#143,#144,#145,#146,#147,#148,#149,#150,#151,#152,#153,#154,#155,#156),$);
#159=IFCSHAPEREPRESENTATION(#15,'Body','Tessellation',(#158));
#160=IFCCARTESIANPOINT((-0.805833101272583,-0.805833101272583,-0.805833101272583));
#161=IFCBOUNDINGBOX(#160,1.61166620254517,1.61166620254517,1.61166620254517);
#162=IFCSHAPEREPRESENTATION(#17,'Box','BoundingBox',(#161));
#163=IFCPRODUCTDEFINITIONSHAPE($,$,(#162,#159));
#164=IFCCARTESIANPOINT((0.,-6.47029025913071E-08,1.4801470041275));
#165=IFCDIRECTION((0.,0.,1.));
#166=IFCDIRECTION((1.,0.,0.));
#167=IFCAXIS2PLACEMENT3D(#164,#165,#166);
#168=IFCLOCALPLACEMENT(#65,#167);
#169=IFCCOLUMN('1r4mxi76L2JRi_psE3p1cT',$,'Cone',$,$,#219,#214,$,.COLUMN.);
#175=IFCINDEXEDPOLYGONALFACE((1,33,2));
#176=IFCINDEXEDPOLYGONALFACE((2,33,3));
#177=IFCINDEXEDPOLYGONALFACE((3,33,4));
#178=IFCINDEXEDPOLYGONALFACE((4,33,5));
#179=IFCINDEXEDPOLYGONALFACE((5,33,6));
#180=IFCINDEXEDPOLYGONALFACE((6,33,7));
#181=IFCINDEXEDPOLYGONALFACE((7,33,8));
#182=IFCINDEXEDPOLYGONALFACE((8,33,9));
#183=IFCINDEXEDPOLYGONALFACE((9,33,10));
#184=IFCINDEXEDPOLYGONALFACE((10,33,11));
#185=IFCINDEXEDPOLYGONALFACE((11,33,12));
#186=IFCINDEXEDPOLYGONALFACE((12,33,13));
#187=IFCINDEXEDPOLYGONALFACE((13,33,14));
#188=IFCINDEXEDPOLYGONALFACE((14,33,15));
#189=IFCINDEXEDPOLYGONALFACE((15,33,16));
#190=IFCINDEXEDPOLYGONALFACE((16,33,17));
#191=IFCINDEXEDPOLYGONALFACE((17,33,18));
#192=IFCINDEXEDPOLYGONALFACE((18,33,19));
#193=IFCINDEXEDPOLYGONALFACE((19,33,20));
#194=IFCINDEXEDPOLYGONALFACE((20,33,21));
#195=IFCINDEXEDPOLYGONALFACE((21,33,22));
#196=IFCINDEXEDPOLYGONALFACE((22,33,23));
#197=IFCINDEXEDPOLYGONALFACE((23,33,24));
#198=IFCINDEXEDPOLYGONALFACE((24,33,25));
#199=IFCINDEXEDPOLYGONALFACE((25,33,26));
#200=IFCINDEXEDPOLYGONALFACE((26,33,27));
#201=IFCINDEXEDPOLYGONALFACE((27,33,28));
#202=IFCINDEXEDPOLYGONALFACE((28,33,29));
#203=IFCINDEXEDPOLYGONALFACE((29,33,30));
#204=IFCINDEXEDPOLYGONALFACE((30,33,31));
#205=IFCINDEXEDPOLYGONALFACE((1,2,3,4,5,6,7,8,9,10,11,12,13,14,15,16,17,18,19,20,21,22,23,24,25,26,27,28,29,30,31,32));
#206=IFCINDEXEDPOLYGONALFACE((31,33,32));
#207=IFCINDEXEDPOLYGONALFACE((32,33,1));
#208=IFCCARTESIANPOINTLIST3D(((0.,0.621713221073151,-0.36147204041481),(0.0914040505886078,0.609767138957977,-0.36147204041481),(0.179295495152473,0.574388086795807,-0.36147204041481),(0.260296702384949,0.516935646533966,-0.36147204041481),(0.331294864416122,0.43961763381958,-0.36147204041481),(0.389561533927917,0.345405369997025,-0.36147204041481),(0.432857573032379,0.237919360399246,-0.36147204041481),(0.459519147872925,0.121290236711502,-0.36147204041481),(0.468521684408188,0.,-0.36147204041481),(0.459519147872925,-0.121290236711502,-0.36147204041481),(0.432857573032379,-0.237919360399246,-0.36147204041481),(0.389561533927917,-0.345405369997025,-0.36147204041481),(0.331294864416122,-0.43961763381958,-0.36147204041481),(0.260296702384949,-0.516935646533966,-0.36147204041481),(0.179295495152473,-0.574388086795807,-0.36147204041481),(0.0914040505886078,-0.609767138957977,-0.36147204041481),(0.,-0.621713221073151,-0.36147204041481),(-0.0914040505886078,-0.609767138957977,-0.36147204041481),(-0.179295495152473,-0.574388086795807,-0.36147204041481),(-0.260296702384949,-0.516935646533966,-0.36147204041481),(-0.331294864416122,-0.43961763381958,-0.36147204041481),(-0.389561533927917,-0.345405369997025,-0.36147204041481),(-0.432857573032379,-0.237919360399246,-0.36147204041481),(-0.459519147872925,-0.121290236711502,-0.36147204041481),(-0.468521684408188,0.,-0.36147204041481),(-0.459519147872925,0.121290236711502,-0.36147204041481),(-0.432857573032379,0.237919360399246,-0.36147204041481),(-0.389561533927917,0.345405369997025,-0.36147204041481),(-0.331294864416122,0.43961763381958,-0.36147204041481),(-0.260296702384949,0.516935646533966,-0.36147204041481),(-0.179295495152473,0.574388086795807,-0.36147204041481),(-0.0914040505886078,0.609767138957977,-0.36147204041481),(0.,0.,0.36147204041481)));
#209=IFCPOLYGONALFACESET(#208,.T.,(#175,#176,#177,#178,#179,#180,#181,#182,#183,#184,#185,#186,#187,#188,#189,#190,#191,#192,#193,#194,#195,#196,#197,#198,#199,#200,#201,#202,#203,#204,#205,#206,#207),$);
#210=IFCSHAPEREPRESENTATION(#15,'Body','Tessellation',(#209));
#211=IFCCARTESIANPOINT((-0.468521684408188,-0.621713221073151,-0.36147204041481));
#212=IFCBOUNDINGBOX(#211,0.937043368816376,1.2434264421463,0.72294408082962);
#213=IFCSHAPEREPRESENTATION(#17,'Box','BoundingBox',(#212));
#214=IFCPRODUCTDEFINITIONSHAPE($,$,(#213,#210));
#215=IFCCARTESIANPOINT((0.,-1.37493657348386E-07,2.02191090583801));
#216=IFCDIRECTION((0.,0.,1.));
#217=IFCDIRECTION((1.,0.,0.));
#218=IFCAXIS2PLACEMENT3D(#215,#216,#217);
#219=IFCLOCALPLACEMENT(#65,#218);
#220=IFCCOLUMN('1FigpWv6115B94eXjzjURE',$,'Sphere',$,$,#749,#744,$,.COLUMN.);
#226=IFCINDEXEDPOLYGONALFACE((4,3,13,14));
#227=IFCINDEXEDPOLYGONALFACE((474,82,7));
#228=IFCINDEXEDPOLYGONALFACE((308,482,21));
#229=IFCINDEXEDPOLYGONALFACE((5,4,14,15));
#230=IFCINDEXEDPOLYGONALFACE((475,474,7,8));
#231=IFCINDEXEDPOLYGONALFACE((478,5,15,16));
#232=IFCINDEXEDPOLYGONALFACE((1,475,8,9));
#233=IFCINDEXEDPOLYGONALFACE((6,478,16,17));
#234=IFCINDEXEDPOLYGONALFACE((476,1,9,10));
#235=IFCINDEXEDPOLYGONALFACE((479,6,17,18));
#236=IFCINDEXEDPOLYGONALFACE((2,476,10,11));
#237=IFCINDEXEDPOLYGONALFACE((480,479,18,19));
#238=IFCINDEXEDPOLYGONALFACE((477,2,11,12));
#239=IFCINDEXEDPOLYGONALFACE((481,480,19,20));
#240=IFCINDEXEDPOLYGONALFACE((3,477,12,13));
#241=IFCINDEXEDPOLYGONALFACE((482,481,20,21));
#242=IFCINDEXEDPOLYGONALFACE((13,12,27,28));
#243=IFCINDEXEDPOLYGONALFACE((21,20,35,36));
#244=IFCINDEXEDPOLYGONALFACE((14,13,28,29));
#245=IFCINDEXEDPOLYGONALFACE((7,82,22));
#246=IFCINDEXEDPOLYGONALFACE((308,21,36));
#247=IFCINDEXEDPOLYGONALFACE((15,14,29,30));
#248=IFCINDEXEDPOLYGONALFACE((8,7,22,23));
#249=IFCINDEXEDPOLYGONALFACE((16,15,30,31));
#250=IFCINDEXEDPOLYGONALFACE((9,8,23,24));
#251=IFCINDEXEDPOLYGONALFACE((17,16,31,32));
#252=IFCINDEXEDPOLYGONALFACE((10,9,24,25));
#253=IFCINDEXEDPOLYGONALFACE((18,17,32,33));
#254=IFCINDEXEDPOLYGONALFACE((11,10,25,26));
#255=IFCINDEXEDPOLYGONALFACE((19,18,33,34));
#256=IFCINDEXEDPOLYGONALFACE((12,11,26,27));
#257=IFCINDEXEDPOLYGONALFACE((20,19,34,35));
#258=IFCINDEXEDPOLYGONALFACE((32,31,46,47));
#259=IFCINDEXEDPOLYGONALFACE((25,24,39,40));
#260=IFCINDEXEDPOLYGONALFACE((33,32,47,48));
#261=IFCINDEXEDPOLYGONALFACE((26,25,40,41));
#262=IFCINDEXEDPOLYGONALFACE((34,33,48,49));
#263=IFCINDEXEDPOLYGONALFACE((27,26,41,42));
#264=IFCINDEXEDPOLYGONALFACE((35,34,49,50));
#265=IFCINDEXEDPOLYGONALFACE((28,27,42,43));
#266=IFCINDEXEDPOLYGONALFACE((36,35,50,51));
#267=IFCINDEXEDPOLYGONALFACE((29,28,43,44));
#268=IFCINDEXEDPOLYGONALFACE((22,82,37));
#269=IFCINDEXEDPOLYGONALFACE((308,36,51));
#270=IFCINDEXEDPOLYGONALFACE((30,29,44,45));
#271=IFCINDEXEDPOLYGONALFACE((23,22,37,38));
#272=IFCINDEXEDPOLYGONALFACE((31,30,45,46));
#273=IFCINDEXEDPOLYGONALFACE((24,23,38,39));
#274=IFCINDEXEDPOLYGONALFACE((51,50,65,66));
#275=IFCINDEXEDPOLYGONALFACE((44,43,58,59));
#276=IFCINDEXEDPOLYGONALFACE((37,82,52));
#277=IFCINDEXEDPOLYGONALFACE((308,51,66));
#278=IFCINDEXEDPOLYGONALFACE((45,44,59,60));
#279=IFCINDEXEDPOLYGONALFACE((38,37,52,53));
#280=IFCINDEXEDPOLYGONALFACE((46,45,60,61));
#281=IFCINDEXEDPOLYGONALFACE((39,38,53,54));
#282=IFCINDEXEDPOLYGONALFACE((47,46,61,62));
#283=IFCINDEXEDPOLYGONALFACE((40,39,54,55));
#284=IFCINDEXEDPOLYGONALFACE((48,47,62,63));
#285=IFCINDEXEDPOLYGONALFACE((41,40,55,56));
#286=IFCINDEXEDPOLYGONALFACE((49,48,63,64));
#287=IFCINDEXEDPOLYGONALFACE((42,41,56,57));
#288=IFCINDEXEDPOLYGONALFACE((50,49,64,65));
#289=IFCINDEXEDPOLYGONALFACE((43,42,57,58));
#290=IFCINDEXEDPOLYGONALFACE((55,54,69,70));
#291=IFCINDEXEDPOLYGONALFACE((63,62,77,78));
#292=IFCINDEXEDPOLYGONALFACE((56,55,70,71));
#293=IFCINDEXEDPOLYGONALFACE((64,63,78,79));
#294=IFCINDEXEDPOLYGONALFACE((57,56,71,72));
#295=IFCINDEXEDPOLYGONALFACE((65,64,79,80));
#296=IFCINDEXEDPOLYGONALFACE((58,57,72,73));
#297=IFCINDEXEDPOLYGONALFACE((66,65,80,81));
#298=IFCINDEXEDPOLYGONALFACE((59,58,73,74));
#299=IFCINDEXEDPOLYGONALFACE((52,82,67));
#300=IFCINDEXEDPOLYGONALFACE((308,66,81));
#301=IFCINDEXEDPOLYGONALFACE((60,59,74,75));
#302=IFCINDEXEDPOLYGONALFACE((53,52,67,68));
#303=IFCINDEXEDPOLYGONALFACE((61,60,75,76));
#304=IFCINDEXEDPOLYGONALFACE((54,53,68,69));
#305=IFCINDEXEDPOLYGONALFACE((62,61,76,77));
#306=IFCINDEXEDPOLYGONALFACE((74,73,89,90));
#307=IFCINDEXEDPOLYGONALFACE((67,82,83));
#308=IFCINDEXEDPOLYGONALFACE((308,81,97));
#309=IFCINDEXEDPOLYGONALFACE((75,74,90,91));
#310=IFCINDEXEDPOLYGONALFACE((68,67,83,84));
#311=IFCINDEXEDPOLYGONALFACE((76,75,91,92));
#312=IFCINDEXEDPOLYGONALFACE((69,68,84,85));
#313=IFCINDEXEDPOLYGONALFACE((77,76,92,93));
#314=IFCINDEXEDPOLYGONALFACE((70,69,85,86));
#315=IFCINDEXEDPOLYGONALFACE((78,77,93,94));
#316=IFCINDEXEDPOLYGONALFACE((71,70,86,87));
#317=IFCINDEXEDPOLYGONALFACE((79,78,94,95));
#318=IFCINDEXEDPOLYGONALFACE((72,71,87,88));
#319=IFCINDEXEDPOLYGONALFACE((80,79,95,96));
#320=IFCINDEXEDPOLYGONALFACE((73,72,88,89));
#321=IFCINDEXEDPOLYGONALFACE((81,80,96,97));
#322=IFCINDEXEDPOLYGONALFACE((94,93,108,109));
#323=IFCINDEXEDPOLYGONALFACE((87,86,101,102));
#324=IFCINDEXEDPOLYGONALFACE((95,94,109,110));
#325=IFCINDEXEDPOLYGONALFACE((88,87,102,103));
#326=IFCINDEXEDPOLYGONALFACE((96,95,110,111));
#327=IFCINDEXEDPOLYGONALFACE((89,88,103,104));
#328=IFCINDEXEDPOLYGONALFACE((97,96,111,112));
#329=IFCINDEXEDPOLYGONALFACE((90,89,104,105));
#330=IFCINDEXEDPOLYGONALFACE((83,82,98));
#331=IFCINDEXEDPOLYGONALFACE((308,97,112));
#332=IFCINDEXEDPOLYGONALFACE((91,90,105,106));
#333=IFCINDEXEDPOLYGONALFACE((84,83,98,99));
#334=IFCINDEXEDPOLYGONALFACE((92,91,106,107));
#335=IFCINDEXEDPOLYGONALFACE((85,84,99,100));
#336=IFCINDEXEDPOLYGONALFACE((93,92,107,108));
#337=IFCINDEXEDPOLYGONALFACE((86,85,100,101));
#338=IFCINDEXEDPOLYGONALFACE((308,112,127));
#339=IFCINDEXEDPOLYGONALFACE((106,105,120,121));
#340=IFCINDEXEDPOLYGONALFACE((99,98,113,114));
#341=IFCINDEXEDPOLYGONALFACE((107,106,121,122));
#342=IFCINDEXEDPOLYGONALFACE((100,99,114,115));
#343=IFCINDEXEDPOLYGONALFACE((108,107,122,123));
#344=IFCINDEXEDPOLYGONALFACE((101,100,115,116));
#345=IFCINDEXEDPOLYGONALFACE((109,108,123,124));
#346=IFCINDEXEDPOLYGONALFACE((102,101,116,117));
#347=IFCINDEXEDPOLYGONALFACE((110,109,124,125));
#348=IFCINDEXEDPOLYGONALFACE((103,102,117,118));
#349=IFCINDEXEDPOLYGONALFACE((111,110,125,126));
#350=IFCINDEXEDPOLYGONALFACE((104,103,118,119));
#351=IFCINDEXEDPOLYGONALFACE((112,111,126,127));
#352=IFCINDEXEDPOLYGONALFACE((105,104,119,120));
#353=IFCINDEXEDPOLYGONALFACE((98,82,113));
#354=IFCINDEXEDPOLYGONALFACE((125,124,139,140));
#355=IFCINDEXEDPOLYGONALFACE((118,117,132,133));
#356=IFCINDEXEDPOLYGONALFACE((126,125,140,141));
#357=IFCINDEXEDPOLYGONALFACE((119,118,133,134));
#358=IFCINDEXEDPOLYGONALFACE((127,126,141,142));
#359=IFCINDEXEDPOLYGONALFACE((120,119,134,135));
#360=IFCINDEXEDPOLYGONALFACE((113,82,128));
#361=IFCINDEXEDPOLYGONALFACE((308,127,142));
#362=IFCINDEXEDPOLYGONALFACE((121,120,135,136));
#363=IFCINDEXEDPOLYGONALFACE((114,113,128,129));
#364=IFCINDEXEDPOLYGONALFACE((122,121,136,137));
#365=IFCINDEXEDPOLYGONALFACE((115,114,129,130));
#366=IFCINDEXEDPOLYGONALFACE((123,122,137,138));
#367=IFCINDEXEDPOLYGONALFACE((116,115,130,131));
#368=IFCINDEXEDPOLYGONALFACE((124,123,138,139));
#369=IFCINDEXEDPOLYGONALFACE((117,116,131,132));
#370=IFCINDEXEDPOLYGONALFACE((129,128,143,144));
#371=IFCINDEXEDPOLYGONALFACE((137,136,151,152));
#372=IFCINDEXEDPOLYGONALFACE((130,129,144,145));
#373=IFCINDEXEDPOLYGONALFACE((138,137,152,153));
#374=IFCINDEXEDPOLYGONALFACE((131,130,145,146));
#375=IFCINDEXEDPOLYGONALFACE((139,138,153,154));
#376=IFCINDEXEDPOLYGONALFACE((132,131,146,147));
#377=IFCINDEXEDPOLYGONALFACE((140,139,154,155));
#378=IFCINDEXEDPOLYGONALFACE((133,132,147,148));
#379=IFCINDEXEDPOLYGONALFACE((141,140,155,156));
#380=IFCINDEXEDPOLYGONALFACE((134,133,148,149));
#381=IFCINDEXEDPOLYGONALFACE((142,141,156,157));
#382=IFCINDEXEDPOLYGONALFACE((135,134,149,150));
#383=IFCINDEXEDPOLYGONALFACE((128,82,143));
#384=IFCINDEXEDPOLYGONALFACE((308,142,157));
#385=IFCINDEXEDPOLYGONALFACE((136,135,150,151));
#386=IFCINDEXEDPOLYGONALFACE((148,147,162,163));
#387=IFCINDEXEDPOLYGONALFACE((156,155,170,171));
#388=IFCINDEXEDPOLYGONALFACE((149,148,163,164));
#389=IFCINDEXEDPOLYGONALFACE((157,156,171,172));
#390=IFCINDEXEDPOLYGONALFACE((150,149,164,165));
#391=IFCINDEXEDPOLYGONALFACE((143,82,158));
#392=IFCINDEXEDPOLYGONALFACE((308,157,172));
#393=IFCINDEXEDPOLYGONALFACE((151,150,165,166));
#394=IFCINDEXEDPOLYGONALFACE((144,143,158,159));
#395=IFCINDEXEDPOLYGONALFACE((152,151,166,167));
#396=IFCINDEXEDPOLYGONALFACE((145,144,159,160));
#397=IFCINDEXEDPOLYGONALFACE((153,152,167,168));
#398=IFCINDEXEDPOLYGONALFACE((146,145,160,161));
#399=IFCINDEXEDPOLYGONALFACE((154,153,168,169));
#400=IFCINDEXEDPOLYGONALFACE((147,146,161,162));
#401=IFCINDEXEDPOLYGONALFACE((155,154,169,170));
#402=IFCINDEXEDPOLYGONALFACE((167,166,181,182));
#403=IFCINDEXEDPOLYGONALFACE((160,159,174,175));
#404=IFCINDEXEDPOLYGONALFACE((168,167,182,183));
#405=IFCINDEXEDPOLYGONALFACE((161,160,175,176));
#406=IFCINDEXEDPOLYGONALFACE((169,168,183,184));
#407=IFCINDEXEDPOLYGONALFACE((162,161,176,177));
#408=IFCINDEXEDPOLYGONALFACE((170,169,184,185));
#409=IFCINDEXEDPOLYGONALFACE((163,162,177,178));
#410=IFCINDEXEDPOLYGONALFACE((171,170,185,186));
#411=IFCINDEXEDPOLYGONALFACE((164,163,178,179));
#412=IFCINDEXEDPOLYGONALFACE((172,171,186,187));
#413=IFCINDEXEDPOLYGONALFACE((165,164,179,180));
#414=IFCINDEXEDPOLYGONALFACE((158,82,173));
#415=IFCINDEXEDPOLYGONALFACE((308,172,187));
#416=IFCINDEXEDPOLYGONALFACE((166,165,180,181));
#417=IFCINDEXEDPOLYGONALFACE((159,158,173,174));
#418=IFCINDEXEDPOLYGONALFACE((186,185,200,201));
#419=IFCINDEXEDPOLYGONALFACE((179,178,193,194));
#420=IFCINDEXEDPOLYGONALFACE((187,186,201,202));
#421=IFCINDEXEDPOLYGONALFACE((180,179,194,195));
#422=IFCINDEXEDPOLYGONALFACE((173,82,188));
#423=IFCINDEXEDPOLYGONALFACE((308,187,202));
#424=IFCINDEXEDPOLYGONALFACE((181,180,195,196));
#425=IFCINDEXEDPOLYGONALFACE((174,173,188,189));
#426=IFCINDEXEDPOLYGONALFACE((182,181,196,197));
#427=IFCINDEXEDPOLYGONALFACE((175,174,189,190));
#428=IFCINDEXEDPOLYGONALFACE((183,182,197,198));
#429=IFCINDEXEDPOLYGONALFACE((176,175,190,191));
#430=IFCINDEXEDPOLYGONALFACE((184,183,198,199));
#431=IFCINDEXEDPOLYGONALFACE((177,176,191,192));
#432=IFCINDEXEDPOLYGONALFACE((185,184,199,200));
#433=IFCINDEXEDPOLYGONALFACE((178,177,192,193));
#434=IFCINDEXEDPOLYGONALFACE((190,189,204,205));
#435=IFCINDEXEDPOLYGONALFACE((198,197,212,213));
#436=IFCINDEXEDPOLYGONALFACE((191,190,205,206));
#437=IFCINDEXEDPOLYGONALFACE((199,198,213,214));
#438=IFCINDEXEDPOLYGONALFACE((192,191,206,207));
#439=IFCINDEXEDPOLYGONALFACE((200,199,214,215));
#440=IFCINDEXEDPOLYGONALFACE((193,192,207,208));
#441=IFCINDEXEDPOLYGONALFACE((201,200,215,216));
#442=IFCINDEXEDPOLYGONALFACE((194,193,208,209));
#443=IFCINDEXEDPOLYGONALFACE((202,201,216,217));
#444=IFCINDEXEDPOLYGONALFACE((195,194,209,210));
#445=IFCINDEXEDPOLYGONALFACE((188,82,203));
#446=IFCINDEXEDPOLYGONALFACE((308,202,217));
#447=IFCINDEXEDPOLYGONALFACE((196,195,210,211));
#448=IFCINDEXEDPOLYGONALFACE((189,188,203,204));
#449=IFCINDEXEDPOLYGONALFACE((197,196,211,212));
#450=IFCINDEXEDPOLYGONALFACE((209,208,223,224));
#451=IFCINDEXEDPOLYGONALFACE((217,216,231,232));
#452=IFCINDEXEDPOLYGONALFACE((210,209,224,225));
#453=IFCINDEXEDPOLYGONALFACE((203,82,218));
#454=IFCINDEXEDPOLYGONALFACE((308,217,232));
#455=IFCINDEXEDPOLYGONALFACE((211,210,225,226));
#456=IFCINDEXEDPOLYGONALFACE((204,203,218,219));
#457=IFCINDEXEDPOLYGONALFACE((212,211,226,227));
#458=IFCINDEXEDPOLYGONALFACE((205,204,219,220));
#459=IFCINDEXEDPOLYGONALFACE((213,212,227,228));
#460=IFCINDEXEDPOLYGONALFACE((206,205,220,221));
#461=IFCINDEXEDPOLYGONALFACE((214,213,228,229));
#462=IFCINDEXEDPOLYGONALFACE((207,206,221,222));
#463=IFCINDEXEDPOLYGONALFACE((215,214,229,230));
#464=IFCINDEXEDPOLYGONALFACE((208,207,222,223));
#465=IFCINDEXEDPOLYGONALFACE((216,215,230,231));
#466=IFCINDEXEDPOLYGONALFACE((228,227,242,243));
#467=IFCINDEXEDPOLYGONALFACE((221,220,235,236));
#468=IFCINDEXEDPOLYGONALFACE((229,228,243,244));
#469=IFCINDEXEDPOLYGONALFACE((222,221,236,237));
#470=IFCINDEXEDPOLYGONALFACE((230,229,244,245));
#471=IFCINDEXEDPOLYGONALFACE((223,222,237,238));
#472=IFCINDEXEDPOLYGONALFACE((231,230,245,246));
#473=IFCINDEXEDPOLYGONALFACE((224,223,238,239));
#474=IFCINDEXEDPOLYGONALFACE((232,231,246,247));
#475=IFCINDEXEDPOLYGONALFACE((225,224,239,240));
#476=IFCINDEXEDPOLYGONALFACE((218,82,233));
#477=IFCINDEXEDPOLYGONALFACE((308,232,247));
#478=IFCINDEXEDPOLYGONALFACE((226,225,240,241));
#479=IFCINDEXEDPOLYGONALFACE((219,218,233,234));
#480=IFCINDEXEDPOLYGONALFACE((227,226,241,242));
#481=IFCINDEXEDPOLYGONALFACE((220,219,234,235));
#482=IFCINDEXEDPOLYGONALFACE((247,246,261,262));
#483=IFCINDEXEDPOLYGONALFACE((240,239,254,255));
#484=IFCINDEXEDPOLYGONALFACE((233,82,248));
#485=IFCINDEXEDPOLYGONALFACE((308,247,262));
#486=IFCINDEXEDPOLYGONALFACE((241,240,255,256));
#487=IFCINDEXEDPOLYGONALFACE((234,233,248,249));
#488=IFCINDEXEDPOLYGONALFACE((242,241,256,257));
#489=IFCINDEXEDPOLYGONALFACE((235,234,249,250));
#490=IFCINDEXEDPOLYGONALFACE((243,242,257,258));
#491=IFCINDEXEDPOLYGONALFACE((236,235,250,251));
#492=IFCINDEXEDPOLYGONALFACE((244,243,258,259));
#493=IFCINDEXEDPOLYGONALFACE((237,236,251,252));
#494=IFCINDEXEDPOLYGONALFACE((245,244,259,260));
#495=IFCINDEXEDPOLYGONALFACE((238,237,252,253));
#496=IFCINDEXEDPOLYGONALFACE((246,245,260,261));
#497=IFCINDEXEDPOLYGONALFACE((239,238,253,254));
#498=IFCINDEXEDPOLYGONALFACE((259,258,273,274));
#499=IFCINDEXEDPOLYGONALFACE((252,251,266,267));
#500=IFCINDEXEDPOLYGONALFACE((260,259,274,275));
#501=IFCINDEXEDPOLYGONALFACE((253,252,267,268));
#502=IFCINDEXEDPOLYGONALFACE((261,260,275,276));
#503=IFCINDEXEDPOLYGONALFACE((254,253,268,269));
#504=IFCINDEXEDPOLYGONALFACE((262,261,276,277));
#505=IFCINDEXEDPOLYGONALFACE((255,254,269,270));
#506=IFCINDEXEDPOLYGONALFACE((248,82,263));
#507=IFCINDEXEDPOLYGONALFACE((308,262,277));
#508=IFCINDEXEDPOLYGONALFACE((256,255,270,271));
#509=IFCINDEXEDPOLYGONALFACE((249,248,263,264));
#510=IFCINDEXEDPOLYGONALFACE((257,256,271,272));
#511=IFCINDEXEDPOLYGONALFACE((250,249,264,265));
#512=IFCINDEXEDPOLYGONALFACE((258,257,272,273));
#513=IFCINDEXEDPOLYGONALFACE((251,250,265,266));
#514=IFCINDEXEDPOLYGONALFACE((263,82,278));
#515=IFCINDEXEDPOLYGONALFACE((308,277,292));
#516=IFCINDEXEDPOLYGONALFACE((271,270,285,286));
#517=IFCINDEXEDPOLYGONALFACE((264,263,278,279));
#518=IFCINDEXEDPOLYGONALFACE((272,271,286,287));
#519=IFCINDEXEDPOLYGONALFACE((265,264,279,280));
#520=IFCINDEXEDPOLYGONALFACE((273,272,287,288));
#521=IFCINDEXEDPOLYGONALFACE((266,265,280,281));
#522=IFCINDEXEDPOLYGONALFACE((274,273,288,289));
#523=IFCINDEXEDPOLYGONALFACE((267,266,281,282));
#524=IFCINDEXEDPOLYGONALFACE((275,274,289,290));
#525=IFCINDEXEDPOLYGONALFACE((268,267,282,283));
#526=IFCINDEXEDPOLYGONALFACE((276,275,290,291));
#527=IFCINDEXEDPOLYGONALFACE((269,268,283,284));
#528=IFCINDEXEDPOLYGONALFACE((277,276,291,292));
#529=IFCINDEXEDPOLYGONALFACE((270,269,284,285));
#530=IFCINDEXEDPOLYGONALFACE((282,281,296,297));
#531=IFCINDEXEDPOLYGONALFACE((290,289,304,305));
#532=IFCINDEXEDPOLYGONALFACE((283,282,297,298));
#533=IFCINDEXEDPOLYGONALFACE((291,290,305,306));
#534=IFCINDEXEDPOLYGONALFACE((284,283,298,299));
#535=IFCINDEXEDPOLYGONALFACE((292,291,306,307));
#536=IFCINDEXEDPOLYGONALFACE((285,284,299,300));
#537=IFCINDEXEDPOLYGONALFACE((278,82,293));
#538=IFCINDEXEDPOLYGONALFACE((308,292,307));
#539=IFCINDEXEDPOLYGONALFACE((286,285,300,301));
#540=IFCINDEXEDPOLYGONALFACE((279,278,293,294));
#541=IFCINDEXEDPOLYGONALFACE((287,286,301,302));
#542=IFCINDEXEDPOLYGONALFACE((280,279,294,295));
#543=IFCINDEXEDPOLYGONALFACE((288,287,302,303));
#544=IFCINDEXEDPOLYGONALFACE((281,280,295,296));
#545=IFCINDEXEDPOLYGONALFACE((289,288,303,304));
#546=IFCINDEXEDPOLYGONALFACE((301,300,316,317));
#547=IFCINDEXEDPOLYGONALFACE((294,293,309,310));
#548=IFCINDEXEDPOLYGONALFACE((302,301,317,318));
#549=IFCINDEXEDPOLYGONALFACE((295,294,310,311));
#550=IFCINDEXEDPOLYGONALFACE((303,302,318,319));
#551=IFCINDEXEDPOLYGONALFACE((296,295,311,312));
#552=IFCINDEXEDPOLYGONALFACE((304,303,319,320));
#553=IFCINDEXEDPOLYGONALFACE((297,296,312,313));
#554=IFCINDEXEDPOLYGONALFACE((305,304,320,321));
#555=IFCINDEXEDPOLYGONALFACE((298,297,313,314));
#556=IFCINDEXEDPOLYGONALFACE((306,305,321,322));
#557=IFCINDEXEDPOLYGONALFACE((299,298,314,315));
#558=IFCINDEXEDPOLYGONALFACE((307,306,322,323));
#559=IFCINDEXEDPOLYGONALFACE((300,299,315,316));
#560=IFCINDEXEDPOLYGONALFACE((293,82,309));
#561=IFCINDEXEDPOLYGONALFACE((308,307,323));
#562=IFCINDEXEDPOLYGONALFACE((321,320,335,336));
#563=IFCINDEXEDPOLYGONALFACE((314,313,328,329));
#564=IFCINDEXEDPOLYGONALFACE((322,321,336,337));
#565=IFCINDEXEDPOLYGONALFACE((315,314,329,330));
#566=IFCINDEXEDPOLYGONALFACE((323,322,337,338));
#567=IFCINDEXEDPOLYGONALFACE((316,315,330,331));
#568=IFCINDEXEDPOLYGONALFACE((309,82,324));
#569=IFCINDEXEDPOLYGONALFACE((308,323,338));
#570=IFCINDEXEDPOLYGONALFACE((317,316,331,332));
#571=IFCINDEXEDPOLYGONALFACE((310,309,324,325));
#572=IFCINDEXEDPOLYGONALFACE((318,317,332,333));
#573=IFCINDEXEDPOLYGONALFACE((311,310,325,326));
#574=IFCINDEXEDPOLYGONALFACE((319,318,333,334));
#575=IFCINDEXEDPOLYGONALFACE((312,311,326,327));
#576=IFCINDEXEDPOLYGONALFACE((320,319,334,335));
#577=IFCINDEXEDPOLYGONALFACE((313,312,327,328));
#578=IFCINDEXEDPOLYGONALFACE((325,324,339,340));
#579=IFCINDEXEDPOLYGONALFACE((333,332,347,348));
#580=IFCINDEXEDPOLYGONALFACE((326,325,340,341));
#581=IFCINDEXEDPOLYGONALFACE((334,333,348,349));
#582=IFCINDEXEDPOLYGONALFACE((327,326,341,342));
#583=IFCINDEXEDPOLYGONALFACE((335,334,349,350));
#584=IFCINDEXEDPOLYGONALFACE((328,327,342,343));
#585=IFCINDEXEDPOLYGONALFACE((336,335,350,351));
#586=IFCINDEXEDPOLYGONALFACE((329,328,343,344));
#587=IFCINDEXEDPOLYGONALFACE((337,336,351,352));
#588=IFCINDEXEDPOLYGONALFACE((330,329,344,345));
#589=IFCINDEXEDPOLYGONALFACE((338,337,352,353));
#590=IFCINDEXEDPOLYGONALFACE((331,330,345,346));
#591=IFCINDEXEDPOLYGONALFACE((324,82,339));
#592=IFCINDEXEDPOLYGONALFACE((308,338,353));
#593=IFCINDEXEDPOLYGONALFACE((332,331,346,347));
#594=IFCINDEXEDPOLYGONALFACE((344,343,358,359));
#595=IFCINDEXEDPOLYGONALFACE((352,351,366,367));
#596=IFCINDEXEDPOLYGONALFACE((345,344,359,360));
#597=IFCINDEXEDPOLYGONALFACE((353,352,367,368));
#598=IFCINDEXEDPOLYGONALFACE((346,345,360,361));
#599=IFCINDEXEDPOLYGONALFACE((339,82,354));
#600=IFCINDEXEDPOLYGONALFACE((308,353,368));
#601=IFCINDEXEDPOLYGONALFACE((347,346,361,362));
#602=IFCINDEXEDPOLYGONALFACE((340,339,354,355));
#603=IFCINDEXEDPOLYGONALFACE((348,347,362,363));
#604=IFCINDEXEDPOLYGONALFACE((341,340,355,356));
#605=IFCINDEXEDPOLYGONALFACE((349,348,363,364));
#606=IFCINDEXEDPOLYGONALFACE((342,341,356,357));
#607=IFCINDEXEDPOLYGONALFACE((350,349,364,365));
#608=IFCINDEXEDPOLYGONALFACE((343,342,357,358));
#609=IFCINDEXEDPOLYGONALFACE((351,350,365,366));
#610=IFCINDEXEDPOLYGONALFACE((363,362,377,378));
#611=IFCINDEXEDPOLYGONALFACE((356,355,370,371));
#612=IFCINDEXEDPOLYGONALFACE((364,363,378,379));
#613=IFCINDEXEDPOLYGONALFACE((357,356,371,372));
#614=IFCINDEXEDPOLYGONALFACE((365,364,379,380));
#615=IFCINDEXEDPOLYGONALFACE((358,357,372,373));
#616=IFCINDEXEDPOLYGONALFACE((366,365,380,381));
#617=IFCINDEXEDPOLYGONALFACE((359,358,373,374));
#618=IFCINDEXEDPOLYGONALFACE((367,366,381,382));
#619=IFCINDEXEDPOLYGONALFACE((360,359,374,375));
#620=IFCINDEXEDPOLYGONALFACE((368,367,382,383));
#621=IFCINDEXEDPOLYGONALFACE((361,360,375,376));
#622=IFCINDEXEDPOLYGONALFACE((354,82,369));
#623=IFCINDEXEDPOLYGONALFACE((308,368,383));
#624=IFCINDEXEDPOLYGONALFACE((362,361,376,377));
#625=IFCINDEXEDPOLYGONALFACE((355,354,369,370));
#626=IFCINDEXEDPOLYGONALFACE((382,381,396,397));
#627=IFCINDEXEDPOLYGONALFACE((375,374,389,390));
#628=IFCINDEXEDPOLYGONALFACE((383,382,397,398));
#629=IFCINDEXEDPOLYGONALFACE((376,375,390,391));
#630=IFCINDEXEDPOLYGONALFACE((369,82,384));
#631=IFCINDEXEDPOLYGONALFACE((308,383,398));
#632=IFCINDEXEDPOLYGONALFACE((377,376,391,392));
#633=IFCINDEXEDPOLYGONALFACE((370,369,384,385));
#634=IFCINDEXEDPOLYGONALFACE((378,377,392,393));
#635=IFCINDEXEDPOLYGONALFACE((371,370,385,386));
#636=IFCINDEXEDPOLYGONALFACE((379,378,393,394));
#637=IFCINDEXEDPOLYGONALFACE((372,371,386,387));
#638=IFCINDEXEDPOLYGONALFACE((380,379,394,395));
#639=IFCINDEXEDPOLYGONALFACE((373,372,387,388));
#640=IFCINDEXEDPOLYGONALFACE((381,380,395,396));
#641=IFCINDEXEDPOLYGONALFACE((374,373,388,389));
#642=IFCINDEXEDPOLYGONALFACE((394,393,408,409));
#643=IFCINDEXEDPOLYGONALFACE((387,386,401,402));
#644=IFCINDEXEDPOLYGONALFACE((395,394,409,410));
#645=IFCINDEXEDPOLYGONALFACE((388,387,402,403));
#646=IFCINDEXEDPOLYGONALFACE((396,395,410,411));
#647=IFCINDEXEDPOLYGONALFACE((389,388,403,404));
#648=IFCINDEXEDPOLYGONALFACE((397,396,411,412));
#649=IFCINDEXEDPOLYGONALFACE((390,389,404,405));
#650=IFCINDEXEDPOLYGONALFACE((398,397,412,413));
#651=IFCINDEXEDPOLYGONALFACE((391,390,405,406));
#652=IFCINDEXEDPOLYGONALFACE((384,82,399));
#653=IFCINDEXEDPOLYGONALFACE((308,398,413));
#654=IFCINDEXEDPOLYGONALFACE((392,391,406,407));
#655=IFCINDEXEDPOLYGONALFACE((385,384,399,400));
#656=IFCINDEXEDPOLYGONALFACE((393,392,407,408));
#657=IFCINDEXEDPOLYGONALFACE((386,385,400,401));
#658=IFCINDEXEDPOLYGONALFACE((413,412,427,428));
#659=IFCINDEXEDPOLYGONALFACE((406,405,420,421));
#660=IFCINDEXEDPOLYGONALFACE((399,82,414));
#661=IFCINDEXEDPOLYGONALFACE((308,413,428));
#662=IFCINDEXEDPOLYGONALFACE((407,406,421,422));
#663=IFCINDEXEDPOLYGONALFACE((400,399,414,415));
#664=IFCINDEXEDPOLYGONALFACE((408,407,422,423));
#665=IFCINDEXEDPOLYGONALFACE((401,400,415,416));
#666=IFCINDEXEDPOLYGONALFACE((409,408,423,424));
#667=IFCINDEXEDPOLYGONALFACE((402,401,416,417));
#668=IFCINDEXEDPOLYGONALFACE((410,409,424,425));
#669=IFCINDEXEDPOLYGONALFACE((403,402,417,418));
#670=IFCINDEXEDPOLYGONALFACE((411,410,425,426));
#671=IFCINDEXEDPOLYGONALFACE((404,403,418,419));
#672=IFCINDEXEDPOLYGONALFACE((412,411,426,427));
#673=IFCINDEXEDPOLYGONALFACE((405,404,419,420));
#674=IFCINDEXEDPOLYGONALFACE((417,416,431,432));
#675=IFCINDEXEDPOLYGONALFACE((425,424,439,440));
#676=IFCINDEXEDPOLYGONALFACE((418,417,432,433));
#677=IFCINDEXEDPOLYGONALFACE((426,425,440,441));
#678=IFCINDEXEDPOLYGONALFACE((419,418,433,434));
#679=IFCINDEXEDPOLYGONALFACE((427,426,441,442));
#680=IFCINDEXEDPOLYGONALFACE((420,419,434,435));
#681=IFCINDEXEDPOLYGONALFACE((428,427,442,443));
#682=IFCINDEXEDPOLYGONALFACE((421,420,435,436));
#683=IFCINDEXEDPOLYGONALFACE((414,82,429));
#684=IFCINDEXEDPOLYGONALFACE((308,428,443));
#685=IFCINDEXEDPOLYGONALFACE((422,421,436,437));
#686=IFCINDEXEDPOLYGONALFACE((415,414,429,430));
#687=IFCINDEXEDPOLYGONALFACE((423,422,437,438));
#688=IFCINDEXEDPOLYGONALFACE((416,415,430,431));
#689=IFCINDEXEDPOLYGONALFACE((424,423,438,439));
#690=IFCINDEXEDPOLYGONALFACE((436,435,450,451));
#691=IFCINDEXEDPOLYGONALFACE((429,82,444));
#692=IFCINDEXEDPOLYGONALFACE((308,443,458));
#693=IFCINDEXEDPOLYGONALFACE((437,436,451,452));
#694=IFCINDEXEDPOLYGONALFACE((430,429,444,445));
#695=IFCINDEXEDPOLYGONALFACE((438,437,452,453));
#696=IFCINDEXEDPOLYGONALFACE((431,430,445,446));
#697=IFCINDEXEDPOLYGONALFACE((439,438,453,454));
#698=IFCINDEXEDPOLYGONALFACE((432,431,446,447));
#699=IFCINDEXEDPOLYGONALFACE((440,439,454,455));
#700=IFCINDEXEDPOLYGONALFACE((433,432,447,448));
#701=IFCINDEXEDPOLYGONALFACE((441,440,455,456));
#702=IFCINDEXEDPOLYGONALFACE((434,433,448,449));
#703=IFCINDEXEDPOLYGONALFACE((442,441,456,457));
#704=IFCINDEXEDPOLYGONALFACE((435,434,449,450));
#705=IFCINDEXEDPOLYGONALFACE((443,442,457,458));
#706=IFCINDEXEDPOLYGONALFACE((455,454,469,470));
#707=IFCINDEXEDPOLYGONALFACE((448,447,462,463));
#708=IFCINDEXEDPOLYGONALFACE((456,455,470,471));
#709=IFCINDEXEDPOLYGONALFACE((449,448,463,464));
#710=IFCINDEXEDPOLYGONALFACE((457,456,471,472));
#711=IFCINDEXEDPOLYGONALFACE((450,449,464,465));
#712=IFCINDEXEDPOLYGONALFACE((458,457,472,473));
#713=IFCINDEXEDPOLYGONALFACE((451,450,465,466));
#714=IFCINDEXEDPOLYGONALFACE((444,82,459));
#715=IFCINDEXEDPOLYGONALFACE((308,458,473));
#716=IFCINDEXEDPOLYGONALFACE((452,451,466,467));
#717=IFCINDEXEDPOLYGONALFACE((445,444,459,460));
#718=IFCINDEXEDPOLYGONALFACE((453,452,467,468));
#719=IFCINDEXEDPOLYGONALFACE((446,445,460,461));
#720=IFCINDEXEDPOLYGONALFACE((454,453,468,469));
#721=IFCINDEXEDPOLYGONALFACE((447,446,461,462));
#722=IFCINDEXEDPOLYGONALFACE((459,82,474));
#723=IFCINDEXEDPOLYGONALFACE((308,473,482));
#724=IFCINDEXEDPOLYGONALFACE((467,466,4,5));
#725=IFCINDEXEDPOLYGONALFACE((460,459,474,475));
#726=IFCINDEXEDPOLYGONALFACE((468,467,5,478));
#727=IFCINDEXEDPOLYGONALFACE((461,460,475,1));
#728=IFCINDEXEDPOLYGONALFACE((469,468,478,6));
#729=IFCINDEXEDPOLYGONALFACE((462,461,1,476));
#730=IFCINDEXEDPOLYGONALFACE((470,469,6,479));
#731=IFCINDEXEDPOLYGONALFACE((463,462,476,2));
#732=IFCINDEXEDPOLYGONALFACE((471,470,479,480));
#733=IFCINDEXEDPOLYGONALFACE((464,463,2,477));
#734=IFCINDEXEDPOLYGONALFACE((472,471,480,481));
#735=IFCINDEXEDPOLYGONALFACE((465,464,477,3));
#736=IFCINDEXEDPOLYGONALFACE((473,472,481,482));
#737=IFCINDEXEDPOLYGONALFACE((466,465,3,4));
#738=IFCCARTESIANPOINTLIST3D(((0.,0.113581873476505,0.16998727619648),(0.,0.16998727619648,0.113581873476505),(0.,0.200513660907745,0.0398846492171288),(0.,0.204441964626312,0.),(0.,0.200513660907745,-0.0398846492171288),(0.,0.16998727619648,-0.113581873476505),(0.00778110884130001,0.0391182750463486,0.200513660907745),(0.0152631960809231,0.076733261346817,0.188879743218422),(0.0221587251871824,0.111399427056313,0.16998727619648),(0.0282027050852776,0.141784563660622,0.144562304019928),(0.0331628732383251,0.166721016168594,0.113581873476505),(0.036848608404398,0.185250461101532,0.0782365575432777),(0.0391182750463486,0.196660846471786,0.0398846492171288),(0.0398846492171288,0.200513660907745,0.),(0.0391182750463486,0.196660846471786,-0.0398846492171288),(0.036848608404398,0.185250461101532,-0.0782365575432777),(0.0331628732383251,0.166721016168594,-0.113581873476505),(0.0282027050852776,0.141784563660622,-0.144562304019928),(0.0221587251871824,0.111399427056313,-0.16998727619648),(0.0152631960809231,0.076733261346817,-0.188879743218422),(0.00778110884130001,0.0391182750463486,-0.200513660907745),(0.0152631932869554,0.036848608404398,0.200513660907745),(0.0299398340284824,0.072281152009964,0.188879743218422),(0.0434659011662006,0.104935951530933,0.16998727619648),(0.0553215965628624,0.133558139204979,0.144562304019928),(0.0650513097643852,0.157047748565674,0.113581873476505),(0.0722811445593834,0.174502119421959,0.0782365575432777),(0.076733261346817,0.185250461101532,0.0398846492171288),(0.0782365500926971,0.188879728317261,0.),(0.076733261346817,0.185250461101532,-0.0398846492171288),(0.0722811445593834,0.174502119421959,-0.0782365575432777),(0.0650513097643852,0.157047748565674,-0.113581873476505),(0.0553215965628624,0.133558139204979,-0.144562304019928),(0.0434659011662006,0.104935951530933,-0.16998727619648),(0.0299398340284824,0.072281152009964,-0.188879743218422),(0.0152631932869554,0.036848608404398,-0.200513660907745),(0.0221587214618921,0.0331628695130348,0.200513660907745),(0.0434659011662006,0.0650513172149658,0.188879743218422),(0.063102699816227,0.0944398567080498,0.16998727619648),(0.0803145095705986,0.120199151337147,0.144562304019928),(0.0944398567080498,0.141339227557182,0.113581873476505),(0.104935951530933,0.157047748565674,0.0782365575432777),(0.111399427056313,0.166721016168594,0.0398846492171288),(0.113581873476505,0.169987246394157,0.),(0.111399427056313,0.166721016168594,-0.0398846492171288),(0.104935951530933,0.157047748565674,-0.0782365575432777),(0.0944398567080498,0.141339227557182,-0.113581873476505),(0.0803145095705986,0.120199151337147,-0.144562304019928),(0.063102699816227,0.0944398567080498,-0.16998727619648),(0.0434659011662006,0.0650513172149658,-0.188879743218422),(0.0221587214618921,0.0331628695130348,-0.200513660907745),(0.0282027032226324,0.0282026994973421,0.200513660907745),(0.0553215965628624,0.0553215928375721,0.188879743218422),(0.080314502120018,0.0803144946694374,0.16998727619648),(0.102220982313156,0.102220982313156,0.144562304019928),(0.120199143886566,0.120199128985405,0.113581873476505),(0.133558124303818,0.133558139204979,0.0782365575432777),(0.141784563660622,0.141784563660622,0.0398846492171288),(0.144562304019928,0.144562259316444,0.),(0.141784563660622,0.141784563660622,-0.0398846492171288),(0.133558124303818,0.133558139204979,-0.0782365575432777),(0.120199143886566,0.120199128985405,-0.113581873476505),(0.102220982313156,0.102220982313156,-0.144562304019928),(0.080314502120018,0.0803144946694374,-0.16998727619648),(0.0553215965628624,0.0553215928375721,-0.188879743218422),(0.0282027032226324,0.0282026994973421,-0.200513660907745),(0.0331628695130348,0.022158719599247,0.200513660907745),(0.0650513172149658,0.0434658974409103,0.188879743218422),(0.0944398641586304,0.0631026923656464,0.16998727619648),(0.120199151337147,0.0803145095705986,0.144562304019928),(0.141339242458344,0.0944398492574692,0.113581873476505),(0.157047748565674,0.104935966432095,0.0782365575432777),(0.166721016168594,0.111399404704571,0.0398846492171288),(0.169987261295319,0.113581821322441,0.),(0.166721016168594,0.111399404704571,-0.0398846492171288),(0.157047748565674,0.104935966432095,-0.0782365575432777),(0.141339242458344,0.0944398492574692,-0.113581873476505),(0.120199151337147,0.0803145095705986,-0.144562304019928),(0.0944398641586304,0.0631026923656464,-0.16998727619648),(0.0650513172149658,0.0434658974409103,-0.188879743218422),(0.0331628695130348,0.022158719599247,-0.200513660907745),(0.,0.,0.204441964626312),(0.0368486009538174,0.0152631895616651,0.200513660907745),(0.0722811445593834,0.029939828440547,0.188879743218422),(0.104935951530933,0.0434658862650394,0.16998727619648),(0.133558139204979,0.0553215965628624,0.144562304019928),(0.157047748565674,0.0650512874126434,0.113581873476505),(0.174502119421959,0.072281152009964,0.0782365575432777),(0.185250446200371,0.0767332315444946,0.0398846492171288),(0.1888797134161,0.0782365053892136,0.),(0.185250446200371,0.0767332315444946,-0.0398846492171288),(0.174502119421959,0.072281152009964,-0.0782365575432777),(0.157047748565674,0.0650512874126434,-0.113581873476505),(0.133558139204979,0.0553215965628624,-0.144562304019928),(0.104935951530933,0.0434658862650394,-0.16998727619648),(0.0722811445593834,0.029939828440547,-0.188879743218422),(0.0368486009538174,0.0152631895616651,-0.200513660907745),(0.039118267595768,0.00778110511600971,0.200513660907745),(0.0767332538962364,0.0152631895616651,0.188879743218422),(0.111399412155151,0.0221587121486664,0.16998727619648),(0.141784563660622,0.0282027088105679,0.144562304019928),(0.166720986366272,0.0331628508865833,0.113581873476505),(0.185250446200371,0.0368486195802689,0.0782365575432777),(0.196660831570625,0.0391182526946068,0.0398846492171288),(0.200513631105423,0.0398846082389355,0.),(0.196660831570625,0.0391182526946068,-0.0398846492171288),(0.185250446200371,0.0368486195802689,-0.0782365575432777),(0.166720986366272,0.0331628508865833,-0.113581873476505),(0.141784563660622,0.0282027088105679,-0.144562304019928),(0.111399412155151,0.0221587121486664,-0.16998727619648),(0.0767332538962364,0.0152631895616651,-0.188879743218422),(0.039118267595768,0.00778110511600971,-0.200513660907745),(0.0398846380412579,-2.28481700226268E-09,0.200513660907745),(0.0782365426421165,-4.56963400452537E-09,0.188879743218422),(0.113581851124763,-1.06624788998033E-08,0.16998727619648),(0.144562289118767,3.04642266968358E-09,0.144562304019928),(0.169987246394157,-1.82785360181015E-08,0.113581873476505),(0.188879728317261,9.13926800905074E-09,0.0782365575432777),(0.200513646006584,-1.82785360181015E-08,0.0398846492171288),(0.204441905021667,-3.3510648478341E-08,0.),(0.200513646006584,-1.82785360181015E-08,-0.0398846492171288),(0.188879728317261,9.13926800905074E-09,-0.0782365575432777),(0.169987246394157,-1.82785360181015E-08,-0.113581873476505),(0.144562289118767,3.04642266968358E-09,-0.144562304019928),(0.113581851124763,-1.06624788998033E-08,-0.16998727619648),(0.0782365426421165,-4.56963400452537E-09,-0.188879743218422),(0.0398846380412579,-2.28481700226268E-09,-0.200513660907745),(0.0391182638704777,-0.00778110884130001,0.200513660907745),(0.0767332538962364,-0.0152631979435682,0.188879743218422),(0.111399404704571,-0.0221587289124727,0.16998727619648),(0.141784563660622,-0.0282026994973421,0.144562304019928),(0.166720971465111,-0.033162884414196,0.113581873476505),(0.185250446200371,-0.0368486009538174,0.0782365575432777),(0.196660816669464,-0.0391182862222195,0.0398846492171288),(0.200513586401939,-0.0398846715688705,0.),(0.196660816669464,-0.0391182862222195,-0.0398846492171288),(0.185250446200371,-0.0368486009538174,-0.0782365575432777),(0.166720971465111,-0.033162884414196,-0.113581873476505),(0.141784563660622,-0.0282026994973421,-0.144562304019928),(0.111399404704571,-0.0221587289124727,-0.16998727619648),(0.0767332538962364,-0.0152631979435682,-0.188879743218422),(0.0391182638704777,-0.00778110884130001,-0.200513660907745),(0.0368485972285271,-0.0152631914243102,0.200513660907745),(0.0722811445593834,-0.0299398340284824,0.188879743218422),(0.104935929179192,-0.0434659011662006,0.16998727619648),(0.133558124303818,-0.0553215853869915,0.144562304019928),(0.157047718763351,-0.0650513172149658,0.113581873476505),(0.174502119421959,-0.0722811296582222,0.0782365575432777),(0.18525043129921,-0.076733261346817,0.0398846492171288),(0.188879653811455,-0.0782365575432777,0.),(0.18525043129921,-0.076733261346817,-0.0398846492171288),(0.174502119421959,-0.0722811296582222,-0.0782365575432777),(0.157047718763351,-0.0650513172149658,-0.113581873476505),(0.133558124303818,-0.0553215853869915,-0.144562304019928),(0.104935929179192,-0.0434659011662006,-0.16998727619648),(0.0722811445593834,-0.0299398340284824,-0.188879743218422),(0.0368485972285271,-0.0152631914243102,-0.200513660907745),(0.0331628583371639,-0.0221587158739567,0.200513660907745),(0.0650513023138046,-0.0434658974409103,0.188879743218422),(0.094439834356308,-0.063102699816227,0.16998727619648),(0.120199143886566,-0.0803144946694374,0.144562304019928),(0.141339212656021,-0.0944398567080498,0.113581873476505),(0.157047748565674,-0.104935944080353,0.0782365575432777),(0.166720971465111,-0.111399412155151,0.0398846492171288),(0.169987186789513,-0.113581858575344,0.),(0.166720971465111,-0.111399412155151,-0.0398846492171288),(0.157047748565674,-0.104935944080353,-0.0782365575432777),(0.141339212656021,-0.0944398567080498,-0.113581873476505),(0.120199143886566,-0.0803144946694374,-0.144562304019928),(0.094439834356308,-0.063102699816227,-0.16998727619648),(0.0650513023138046,-0.0434658974409103,-0.188879743218422),(0.0331628583371639,-0.0221587158739567,-0.200513660907745),(0.0282026901841164,-0.0282026939094067,0.200513660907745),(0.0553215779364109,-0.0553215928375721,0.188879743218422),(0.080314464867115,-0.0803144946694374,0.16998727619648),(0.102220967411995,-0.102220967411995,0.144562304019928),(0.120199106633663,-0.120199128985405,0.113581873476505),(0.133558124303818,-0.133558124303818,0.0782365575432777),(0.141784533858299,-0.141784563660622,0.0398846492171288),(0.144562184810638,-0.144562274217606,0.),(0.141784533858299,-0.141784563660622,-0.0398846492171288),(0.133558124303818,-0.133558124303818,-0.0782365575432777),(0.120199106633663,-0.120199128985405,-0.113581873476505),(0.102220967411995,-0.102220967411995,-0.144562304019928),(0.080314464867115,-0.0803144946694374,-0.16998727619648),(0.0553215779364109,-0.0553215928375721,-0.188879743218422),(0.0282026901841164,-0.0282026939094067,-0.200513660907745),(0.0221587121486664,-0.0331628583371639,0.200513660907745),(0.0434658825397491,-0.0650513097643852,0.188879743218422),(0.0631026700139046,-0.0944398492574692,0.16998727619648),(0.0803144946694374,-0.120199143886566,0.144562304019928),(0.0944398269057274,-0.141339212656021,0.113581873476505),(0.104935951530933,-0.157047733664513,0.0782365575432777),(0.111399374902248,-0.166720986366272,0.0398846492171288),(0.113581761717796,-0.169987231492996,0.),(0.111399374902248,-0.166720986366272,-0.0398846492171288),(0.104935951530933,-0.157047733664513,-0.0782365575432777),(0.0944398269057274,-0.141339212656021,-0.113581873476505),(0.0803144946694374,-0.120199143886566,-0.144562304019928),(0.0631026700139046,-0.0944398492574692,-0.16998727619648),(0.0434658825397491,-0.0650513097643852,-0.188879743218422),(0.0221587121486664,-0.0331628583371639,-0.200513660907745),(0.0152631839737296,-0.0368485897779465,0.200513660907745),(0.0299398154020309,-0.0722811371088028,0.188879743218422),(0.0434658639132977,-0.104935929179192,0.16998727619648),(0.0553215853869915,-0.133558124303818,0.144562304019928),(0.0650512725114822,-0.157047718763351,0.113581873476505),(0.0722811445593834,-0.174502089619637,0.0782365575432777),(0.0767332091927528,-0.18525043129921,0.0398846492171288),(0.0782364532351494,-0.188879668712616,0.),(0.0767332091927528,-0.18525043129921,-0.0398846492171288),(0.0722811445593834,-0.174502089619637,-0.0782365575432777),(0.0650512725114822,-0.157047718763351,-0.113581873476505),(0.0553215853869915,-0.133558124303818,-0.144562304019928),(0.0434658639132977,-0.104935929179192,-0.16998727619648),(0.0299398154020309,-0.0722811371088028,-0.188879743218422),(0.0152631839737296,-0.0368485897779465,-0.200513660907745),(0.00778110278770328,-0.0391182526946068,0.200513660907745),(0.0152631793171167,-0.0767332389950752,0.188879743218422),(0.02215869538486,-0.111399374902248,0.16998727619648),(0.0282026994973421,-0.141784563660622,0.144562304019928),(0.0331628434360027,-0.166720971465111,0.113581873476505),(0.036848608404398,-0.18525043129921,0.0782365575432777),(0.0391182377934456,-0.196660786867142,0.0398846492171288),(0.0398845635354519,-0.200513571500778,0.),(0.0391182377934456,-0.196660786867142,-0.0398846492171288),(0.036848608404398,-0.18525043129921,-0.0782365575432777),(0.0331628434360027,-0.166720971465111,-0.113581873476505),(0.0282026994973421,-0.141784563660622,-0.144562304019928),(0.02215869538486,-0.111399374902248,-0.16998727619648),(0.0152631793171167,-0.0767332389950752,-0.188879743218422),(0.00778110278770328,-0.0391182526946068,-0.200513660907745),(-1.52321133484179E-09,-0.0398846231400967,0.200513660907745),(-1.06624788998033E-08,-0.0782365351915359,0.188879743218422),(-1.98017477970325E-08,-0.113581813871861,0.16998727619648),(-3.04642266968358E-09,-0.144562274217606,0.144562304019928),(-2.13249577996066E-08,-0.169987216591835,0.113581873476505),(6.09284533936716E-09,-0.188879698514938,0.0782365575432777),(-2.74178049153306E-08,-0.200513601303101,0.0398846492171288),(-6.70212969566819E-08,-0.204441830515862,0.),(-2.74178049153306E-08,-0.200513601303101,-0.0398846492171288),(6.09284533936716E-09,-0.188879698514938,-0.0782365575432777),(-2.13249577996066E-08,-0.169987216591835,-0.113581873476505),(-3.04642266968358E-09,-0.144562274217606,-0.144562304019928),(-1.98017477970325E-08,-0.113581813871861,-0.16998727619648),(-1.06624788998033E-08,-0.0782365351915359,-0.188879743218422),(-1.52321133484179E-09,-0.0398846231400967,-0.200513660907745),(-0.00778110511600971,-0.0391182489693165,0.200513660907745),(-0.015263200737536,-0.0767332389950752,0.188879743218422),(-0.022158732637763,-0.111399367451668,0.16998727619648),(-0.0282027032226324,-0.14178454875946,0.144562304019928),(-0.0331628806889057,-0.16672095656395,0.113581873476505),(-0.0368485935032368,-0.185250416398048,0.0782365575432777),(-0.0391182899475098,-0.196660786867142,0.0398846492171288),(-0.039884690195322,-0.200513511896133,0.),(-0.0391182899475098,-0.196660786867142,-0.0398846492171288),(-0.0368485935032368,-0.185250416398048,-0.0782365575432777),(-0.0331628806889057,-0.16672095656395,-0.113581873476505),(-0.0282027032226324,-0.14178454875946,-0.144562304019928),(-0.022158732637763,-0.111399367451668,-0.16998727619648),(-0.015263200737536,-0.0767332389950752,-0.188879743218422),(-0.00778110511600971,-0.0391182489693165,-0.200513660907745),(-0.0152631839737296,-0.0368485860526562,0.200513660907745),(-0.0299398340284824,-0.0722811296582222,0.188879743218422),(-0.0434658974409103,-0.104935891926289,0.16998727619648),(-0.0553215853869915,-0.133558124303818,0.144562304019928),(-0.0650513097643852,-0.157047688961029,0.113581873476505),(-0.072281114757061,-0.174502074718475,0.0782365575432777),(-0.076733261346817,-0.185250386595726,0.0398846492171288),(-0.0782365649938583,-0.188879579305649,0.),(-0.076733261346817,-0.185250386595726,-0.0398846492171288),(-0.072281114757061,-0.174502074718475,-0.0782365575432777),(-0.0650513097643852,-0.157047688961029,-0.113581873476505),(-0.0553215853869915,-0.133558124303818,-0.144562304019928),(-0.0434658974409103,-0.104935891926289,-0.16998727619648),(-0.0299398340284824,-0.0722811296582222,-0.188879743218422),(-0.0152631839737296,-0.0368485860526562,-0.200513660907745),(-0.0221587084233761,-0.033162847161293,0.200513660907745),(-0.0434658974409103,-0.065051294863224,0.188879743218422),(-0.0631026849150658,-0.094439797103405,0.16998727619648),(-0.0803144946694374,-0.120199128985405,0.144562304019928),(-0.0944398492574692,-0.141339182853699,0.113581873476505),(-0.10493591427803,-0.157047718763351,0.0782365575432777),(-0.111399412155151,-0.166720941662788,0.0398846492171288),(-0.113581851124763,-0.169987112283707,0.),(-0.111399412155151,-0.166720941662788,-0.0398846492171288),(-0.10493591427803,-0.157047718763351,-0.0782365575432777),(-0.0944398492574692,-0.141339182853699,-0.113581873476505),(-0.0803144946694374,-0.120199128985405,-0.144562304019928),(-0.0631026849150658,-0.094439797103405,-0.16998727619648),(-0.0434658974409103,-0.065051294863224,-0.188879743218422),(-0.0221587084233761,-0.033162847161293,-0.200513660907745),(-0.0282026845961809,-0.0282026808708906,0.200513660907745),(-0.0553215853869915,-0.0553215742111206,0.188879743218422),(-0.0803144723176956,-0.0803144350647926,0.16998727619648),(-0.102220967411995,-0.102220959961414,0.144562304019928),(-0.120199114084244,-0.120199076831341,0.113581873476505),(-0.133558094501495,-0.133558109402657,0.0782365575432777),(-0.14178454875946,-0.141784489154816,0.0398846492171288),(-0.144562229514122,-0.144562125205994,0.),(-0.14178454875946,-0.141784489154816,-0.0398846492171288),(-0.133558094501495,-0.133558109402657,-0.0782365575432777),(-0.120199114084244,-0.120199076831341,-0.113581873476505),(-0.102220967411995,-0.102220959961414,-0.144562304019928),(-0.0803144723176956,-0.0803144350647926,-0.16998727619648),(-0.0553215853869915,-0.0553215742111206,-0.188879743218422),(-0.0282026845961809,-0.0282026808708906,-0.200513660907745),(0.,0.,-0.204441964626312),(-0.033162847161293,-0.0221587028354406,0.200513660907745),(-0.0650513023138046,-0.0434658788144588,0.188879743218422),(-0.0944398194551468,-0.0631026402115822,0.16998727619648),(-0.120199128985405,-0.0803144872188568,0.144562304019928),(-0.141339212656021,-0.0944398045539856,0.113581873476505),(-0.15704770386219,-0.104935929179192,0.0782365575432777),(-0.166720971465111,-0.111399345099926,0.0398846492171288),(-0.169987186789513,-0.113581702113152,0.),(-0.166720971465111,-0.111399345099926,-0.0398846492171288),(-0.15704770386219,-0.104935929179192,-0.0782365575432777),(-0.141339212656021,-0.0944398045539856,-0.113581873476505),(-0.120199128985405,-0.0803144872188568,-0.144562304019928),(-0.0944398194551468,-0.0631026402115822,-0.16998727619648),(-0.0650513023138046,-0.0434658788144588,-0.188879743218422),(-0.033162847161293,-0.0221587028354406,-0.200513660907745),(-0.0368485823273659,-0.0152631774544716,0.200513660907745),(-0.0722811222076416,-0.0299398116767406,0.188879743218422),(-0.104935891926289,-0.0434658415615559,0.16998727619648),(-0.133558124303818,-0.0553215779364109,0.144562304019928),(-0.157047688961029,-0.0650512501597404,0.113581873476505),(-0.174502059817314,-0.0722811222076416,0.0782365575432777),(-0.185250416398048,-0.0767331793904305,0.0398846492171288),(-0.188879609107971,-0.0782364010810852,0.),(-0.185250416398048,-0.0767331793904305,-0.0398846492171288),(-0.174502059817314,-0.0722811222076416,-0.0782365575432777),(-0.157047688961029,-0.0650512501597404,-0.113581873476505),(-0.133558124303818,-0.0553215779364109,-0.144562304019928),(-0.104935891926289,-0.0434658415615559,-0.16998727619648),(-0.0722811222076416,-0.0299398116767406,-0.188879743218422),(-0.0368485823273659,-0.0152631774544716,-0.200513660907745),(-0.0391182415187359,-0.0077810981310904,0.200513660907745),(-0.076733224093914,-0.0152631774544716,0.188879743218422),(-0.111399345099926,-0.0221586786210537,0.16998727619648),(-0.14178454875946,-0.0282026939094067,0.144562304019928),(-0.166720941662788,-0.0331628248095512,0.113581873476505),(-0.185250401496887,-0.0368485972285271,0.0782365575432777),(-0.196660786867142,-0.0391182079911232,0.0398846492171288),(-0.200513496994972,-0.0398845225572586,0.),(-0.196660786867142,-0.0391182079911232,-0.0398846492171288),(-0.185250401496887,-0.0368485972285271,-0.0782365575432777),(-0.166720941662788,-0.0331628248095512,-0.113581873476505),(-0.14178454875946,-0.0282026939094067,-0.144562304019928),(-0.111399345099926,-0.0221586786210537,-0.16998727619648),(-0.076733224093914,-0.0152631774544716,-0.188879743218422),(-0.0391182415187359,-0.0077810981310904,-0.200513660907745),(-0.0398846119642258,3.80802855914908E-09,0.200513660907745),(-0.0782365128397942,1.06624788998033E-08,0.188879743218422),(-0.113581776618958,3.04642284731926E-08,0.16998727619648),(-0.144562259316444,6.09284533936716E-09,0.144562304019928),(-0.169987186789513,3.3510648478341E-08,0.113581873476505),(-0.188879668712616,3.04642266968358E-09,0.0782365575432777),(-0.200513571500778,5.48356098306613E-08,0.0398846492171288),(-0.204441770911217,9.13926783141505E-08,0.),(-0.200513571500778,5.48356098306613E-08,-0.0398846492171288),(-0.188879668712616,3.04642266968358E-09,-0.0782365575432777),(-0.169987186789513,3.3510648478341E-08,-0.113581873476505),(-0.144562259316444,6.09284533936716E-09,-0.144562304019928),(-0.113581776618958,3.04642284731926E-08,-0.16998727619648),(-0.0782365128397942,1.06624788998033E-08,-0.188879743218422),(-0.0398846119642258,3.80802855914908E-09,-0.200513660907745),(-0.0391182377934456,0.007781105581671,0.200513660907745),(-0.076733224093914,0.0152631979435682,0.188879743218422),(-0.111399330198765,0.0221587363630533,0.16998727619648),(-0.141784533858299,0.0282027050852776,0.144562304019928),(-0.166720911860466,0.0331628918647766,0.113581873476505),(-0.185250386595726,0.0368486009538174,0.0782365575432777),(-0.196660742163658,0.0391183122992516,0.0398846492171288),(-0.200513452291489,0.0398847013711929,0.),(-0.196660742163658,0.0391183122992516,-0.0398846492171288),(-0.185250386595726,0.0368486009538174,-0.0782365575432777),(-0.166720911860466,0.0331628918647766,-0.113581873476505),(-0.141784533858299,0.0282027050852776,-0.144562304019928),(-0.111399330198765,0.0221587363630533,-0.16998727619648),(-0.076733224093914,0.0152631979435682,-0.188879743218422),(-0.0391182377934456,0.007781105581671,-0.200513660907745),(-0.0368485748767853,0.0152631839737296,0.200513660907745),(-0.072281114757061,0.029939828440547,0.188879743218422),(-0.104935854673386,0.04346589371562,0.16998727619648),(-0.133558109402657,0.0553215853869915,0.144562304019928),(-0.157047659158707,0.0650513097643852,0.113581873476505),(-0.174502044916153,0.072281114757061,0.0782365575432777),(-0.185250356793404,0.0767332687973976,0.0398846492171288),(-0.188879519701004,0.0782365649938583,0.),(-0.185250356793404,0.0767332687973976,-0.0398846492171288),(-0.174502044916153,0.072281114757061,-0.0782365575432777),(-0.157047659158707,0.0650513097643852,-0.113581873476505),(-0.133558109402657,0.0553215853869915,-0.144562304019928),(-0.104935854673386,0.04346589371562,-0.16998727619648),(-0.072281114757061,0.029939828440547,-0.188879743218422),(-0.0368485748767853,0.0152631839737296,-0.200513660907745),(-0.0331628397107124,0.0221587065607309,0.200513660907745),(-0.0650512725114822,0.0434658862650394,0.188879743218422),(-0.094439759850502,0.0631026774644852,0.16998727619648),(-0.120199114084244,0.0803144946694374,0.144562304019928),(-0.141339138150215,0.0944398492574692,0.113581873476505),(-0.157047688961029,0.10493591427803,0.0782365575432777),(-0.166720896959305,0.111399412155151,0.0398846492171288),(-0.169987052679062,0.113581836223602,0.),(-0.166720896959305,0.111399412155151,-0.0398846492171288),(-0.157047688961029,0.10493591427803,-0.0782365575432777),(-0.141339138150215,0.0944398492574692,-0.113581873476505),(-0.120199114084244,0.0803144946694374,-0.144562304019928),(-0.094439759850502,0.0631026774644852,-0.16998727619648),(-0.0650512725114822,0.0434658862650394,-0.188879743218422),(-0.0331628397107124,0.0221587065607309,-0.200513660907745),(-0.0282026752829552,0.0282026808708906,0.200513660907745),(-0.0553215630352497,0.0553215742111206,0.188879743218422),(-0.0803143978118896,0.080314464867115,0.16998727619648),(-0.102220945060253,0.102220959961414,0.144562304019928),(-0.120199047029018,0.120199106633663,0.113581873476505),(-0.133558079600334,0.133558079600334,0.0782365575432777),(-0.141784459352493,0.141784533858299,0.0398846492171288),(-0.14456208050251,0.144562214612961,0.),(-0.141784459352493,0.141784533858299,-0.0398846492171288),(-0.133558079600334,0.133558079600334,-0.0782365575432777),(-0.120199047029018,0.120199106633663,-0.113581873476505),(-0.102220945060253,0.102220959961414,-0.144562304019928),(-0.0803143978118896,0.080314464867115,-0.16998727619648),(-0.0553215630352497,0.0553215742111206,-0.188879743218422),(-0.0282026752829552,0.0282026808708906,-0.200513660907745),(-0.0221586972475052,0.0331628434360027,0.200513660907745),(-0.043465867638588,0.0650512874126434,0.188879743218422),(-0.0631026029586792,0.0944398045539856,0.16998727619648),(-0.0803144723176956,0.120199128985405,0.144562304019928),(-0.0944397747516632,0.141339182853699,0.113581873476505),(-0.10493590682745,0.157047688961029,0.0782365575432777),(-0.111399315297604,0.16672095656395,0.0398846492171288),(-0.113581664860249,0.169987142086029,0.),(-0.111399315297604,0.16672095656395,-0.0398846492171288),(-0.10493590682745,0.157047688961029,-0.0782365575432777),(-0.0944397747516632,0.141339182853699,-0.113581873476505),(-0.0803144723176956,0.120199128985405,-0.144562304019928),(-0.0631026029586792,0.0944398045539856,-0.16998727619648),(-0.043465867638588,0.0650512874126434,-0.188879743218422),(-0.0221586972475052,0.0331628434360027,-0.200513660907745),(-0.0152631746605039,0.036848571151495,0.200513660907745),(-0.0299398060888052,0.072281114757061,0.188879743218422),(-0.0434658117592335,0.104935869574547,0.16998727619648),(-0.05532156676054,0.133558124303818,0.144562304019928),(-0.0650512278079987,0.157047674059868,0.113581873476505),(-0.0722811073064804,0.174502044916153,0.0782365575432777),(-0.0767331570386887,0.185250386595726,0.0398846492171288),(-0.0782363712787628,0.188879564404488,0.),(-0.0767331570386887,0.185250386595726,-0.0398846492171288),(-0.0722811073064804,0.174502044916153,-0.0782365575432777),(-0.0650512278079987,0.157047674059868,-0.113581873476505),(-0.05532156676054,0.133558124303818,-0.144562304019928),(-0.0434658117592335,0.104935869574547,-0.16998727619648),(-0.0299398060888052,0.072281114757061,-0.188879743218422),(-0.0152631746605039,0.036848571151495,-0.200513660907745),(-0.00778109719976783,0.0391182340681553,0.200513660907745),(-0.0152631727978587,0.076733224093914,0.188879743218422),(-0.0221586544066668,0.111399307847023,0.16998727619648),(-0.0282026808708906,0.14178454875946,0.144562304019928),(-0.0331628024578094,0.166720896959305,0.113581873476505),(-0.0368485823273659,0.185250386595726,0.0782365575432777),(-0.0391181968152523,0.196660742163658,0.0398846492171288),(-0.0398845076560974,0.200513437390327,0.),(-0.0391181968152523,0.196660742163658,-0.0398846492171288),(-0.0368485823273659,0.185250386595726,-0.0782365575432777),(-0.0331628024578094,0.166720896959305,-0.113581873476505),(-0.0282026808708906,0.14178454875946,-0.144562304019928),(-0.0221586544066668,0.111399307847023,-0.16998727619648),(-0.0152631727978587,0.076733224093914,-0.188879743218422),(-0.00778109719976783,0.0391182340681553,-0.200513660907745),(3.04642266968358E-09,0.0398846045136452,0.200513660907745),(1.37089024576653E-08,0.0782365053892136,0.188879743218422),(1.82785360181015E-08,0.144562259316444,0.144562304019928),(1.21856906787343E-08,0.188879638910294,0.0782365575432777),(1.21856906787343E-08,0.188879638910294,-0.0782365575432777),(1.82785360181015E-08,0.144562259316444,-0.144562304019928),(4.41731273781443E-08,0.113581724464893,-0.16998727619648),(1.37089024576653E-08,0.0782365053892136,-0.188879743218422),(3.04642266968358E-09,0.0398846045136452,-0.200513660907745)));
#739=IFCPOLYGONALFACESET(#738,.T.,(#226,#227,#228,#229,#230,#231,#232,#233,#234,#235,#236,#237,#238,#239,#240,#241,#242,#243,#244,#245,#246,#247,#248,#249,#250,#251,#252,#253,#254,#255,#256,#257,#258,#259,#260,#261,#262,#263,#264,#265,#266,#267,#268,#269,#270,#271,#272,#273,#274,#275,#276,#277,#278,#279,#280,#281,#282,#283,#284,#285,#286,#287,#288,#289,#290,#291,#292,#293,#294,#295,#296,#297,#298,#299,#300,#301,#302,#303,#304,#305,#306,#307,#308,#309,#310,#311,#312,#313,#314,#315,#316,#317,#318,#319,#320,#321,#322,#323,#324,#325,#326,#327,#328,#329,#330,#331,#332,#333,#334,#335,#336,#337,#338,#339,#340,#341,#342,#343,#344,#345,#346,#347,#348,#349,#350,#351,#352,#353,#354,#355,#356,#357,#358,#359,#360,#361,#362,#363,#364,#365,#366,#367,#368,#369,#370,#371,#372,#373,#374,#375,#376,#377,#378,#379,#380,#381,#382,#383,#384,#385,#386,#387,#388,#389,#390,#391,#392,#393,#394,#395,#396,#397,#398,#399,#400,#401,#402,#403,#404,#405,#406,#407,#408,#409,#410,#411,#412,#413,#414,#415,#416,#417,#418,#419,#420,#421,#422,#423,#424,#425,#426,#427,#428,#429,#430,#431,#432,#433,#434,#435,#436,#437,#438,#439,#440,#441,#442,#443,#444,#445,#446,#447,#448,#449,#450,#451,#452,#453,#454,#455,#456,#457,#458,#459,#460,#461,#462,#463,#464,#465,#466,#467,#468,#469,#470,#471,#472,#473,#474,#475,#476,#477,#478,#479,#480,#481,#482,#483,#484,#485,#486,#487,#488,#489,#490,#491,#492,#493,#494,#495,#496,#497,#498,#499,#500,#501,#502,#503,#504,#505,#506,#507,#508,#509,#510,#511,#512,#513,#514,#515,#516,#517,#518,#519,#520,#521,#522,#523,#524,#525,#526,#527,#528,#529,#530,#531,#532,#533,#534,#535,#536,#537,#538,#539,#540,#541,#542,#543,#544,#545,#546,#547,#548,#549,#550,#551,#552,#553,#554,#555,#556,#557,#558,#559,#560,#561,#562,#563,#564,#565,#566,#567,#568,#569,#570,#571,#572,#573,#574,#575,#576,#577,#578,#579,#580,#581,#582,#583,#584,#585,#586,#587,#588,#589,#590,#591,#592,#593,#594,#595,#596,#597,#598,#599,#600,#601,#602,#603,#604,#605,#606,#607,#608,#609,#610,#611,#612,#613,#614,#615,#616,#617,#618,#619,#620,#621,#622,#623,#624,#625,#626,#627,#628,#629,#630,#631,#632,#633,#634,#635,#636,#637,#638,#639,#640,#641,#642,#643,#644,#645,#646,#647,#648,#649,#650,#651,#652,#653,#654,#655,#656,#657,#658,#659,#660,#661,#662,#663,#664,#665,#666,#667,#668,#669,#670,#671,#672,#673,#674,#675,#676,#677,#678,#679,#680,#681,#682,#683,#684,#685,#686,#687,#688,#689,#690,#691,#692,#693,#694,#695,#696,#697,#698,#699,#700,#701,#702,#703,#704,#705,#706,#707,#708,#709,#710,#711,#712,#713,#714,#715,#716,#717,#718,#719,#720,#721,#722,#723,#724,#725,#726,#727,#728,#729,#730,#731,#732,#733,#734,#735,#736,#737),$);
#740=IFCSHAPEREPRESENTATION(#15,'Body','Tessellation',(#739));
#741=IFCCARTESIANPOINT((-0.204441770911217,-0.204441830515862,-0.204441964626312));
#742=IFCBOUNDINGBOX(#741,0.408883690834045,0.408883810043335,0.408883929252625);
#743=IFCSHAPEREPRESENTATION(#17,'Box','BoundingBox',(#742));
#744=IFCPRODUCTDEFINITIONSHAPE($,$,(#743,#740));
#745=IFCCARTESIANPOINT((-0.637904345989227,0.35923233628273,1.3845077753067));
#746=IFCDIRECTION((0.,0.,1.));
#747=IFCDIRECTION((1.,0.,0.));
#748=IFCAXIS2PLACEMENT3D(#745,#746,#747);
#749=IFCLOCALPLACEMENT(#65,#748);
#750=IFCCOLUMN('1Mf3np$Ej7SeZ5LLgqZqK2',$,'Sphere',$,$,#1279,#1274,$,.COLUMN.);
#756=IFCINDEXEDPOLYGONALFACE((4,3,13,14));
#757=IFCINDEXEDPOLYGONALFACE((474,82,7));
#758=IFCINDEXEDPOLYGONALFACE((308,482,21));
#759=IFCINDEXEDPOLYGONALFACE((5,4,14,15));
#760=IFCINDEXEDPOLYGONALFACE((475,474,7,8));
#761=IFCINDEXEDPOLYGONALFACE((478,5,15,16));
#762=IFCINDEXEDPOLYGONALFACE((1,475,8,9));
#763=IFCINDEXEDPOLYGONALFACE((6,478,16,17));
#764=IFCINDEXEDPOLYGONALFACE((476,1,9,10));
#765=IFCINDEXEDPOLYGONALFACE((479,6,17,18));
#766=IFCINDEXEDPOLYGONALFACE((2,476,10,11));
#767=IFCINDEXEDPOLYGONALFACE((480,479,18,19));
#768=IFCINDEXEDPOLYGONALFACE((477,2,11,12));
#769=IFCINDEXEDPOLYGONALFACE((481,480,19,20));
#770=IFCINDEXEDPOLYGONALFACE((3,477,12,13));
#771=IFCINDEXEDPOLYGONALFACE((482,481,20,21));
#772=IFCINDEXEDPOLYGONALFACE((13,12,27,28));
#773=IFCINDEXEDPOLYGONALFACE((21,20,35,36));
#774=IFCINDEXEDPOLYGONALFACE((14,13,28,29));
#775=IFCINDEXEDPOLYGONALFACE((7,82,22));
#776=IFCINDEXEDPOLYGONALFACE((308,21,36));
#777=IFCINDEXEDPOLYGONALFACE((15,14,29,30));
#778=IFCINDEXEDPOLYGONALFACE((8,7,22,23));
#779=IFCINDEXEDPOLYGONALFACE((16,15,30,31));
#780=IFCINDEXEDPOLYGONALFACE((9,8,23,24));
#781=IFCINDEXEDPOLYGONALFACE((17,16,31,32));
#782=IFCINDEXEDPOLYGONALFACE((10,9,24,25));
#783=IFCINDEXEDPOLYGONALFACE((18,17,32,33));
#784=IFCINDEXEDPOLYGONALFACE((11,10,25,26));
#785=IFCINDEXEDPOLYGONALFACE((19,18,33,34));
#786=IFCINDEXEDPOLYGONALFACE((12,11,26,27));
#787=IFCINDEXEDPOLYGONALFACE((20,19,34,35));
#788=IFCINDEXEDPOLYGONALFACE((32,31,46,47));
#789=IFCINDEXEDPOLYGONALFACE((25,24,39,40));
#790=IFCINDEXEDPOLYGONALFACE((33,32,47,48));
#791=IFCINDEXEDPOLYGONALFACE((26,25,40,41));
#792=IFCINDEXEDPOLYGONALFACE((34,33,48,49));
#793=IFCINDEXEDPOLYGONALFACE((27,26,41,42));
#794=IFCINDEXEDPOLYGONALFACE((35,34,49,50));
#795=IFCINDEXEDPOLYGONALFACE((28,27,42,43));
#796=IFCINDEXEDPOLYGONALFACE((36,35,50,51));
#797=IFCINDEXEDPOLYGONALFACE((29,28,43,44));
#798=IFCINDEXEDPOLYGONALFACE((22,82,37));
#799=IFCINDEXEDPOLYGONALFACE((308,36,51));
#800=IFCINDEXEDPOLYGONALFACE((30,29,44,45));
#801=IFCINDEXEDPOLYGONALFACE((23,22,37,38));
#802=IFCINDEXEDPOLYGONALFACE((31,30,45,46));
#803=IFCINDEXEDPOLYGONALFACE((24,23,38,39));
#804=IFCINDEXEDPOLYGONALFACE((51,50,65,66));
#805=IFCINDEXEDPOLYGONALFACE((44,43,58,59));
#806=IFCINDEXEDPOLYGONALFACE((37,82,52));
#807=IFCINDEXEDPOLYGONALFACE((308,51,66));
#808=IFCINDEXEDPOLYGONALFACE((45,44,59,60));
#809=IFCINDEXEDPOLYGONALFACE((38,37,52,53));
#810=IFCINDEXEDPOLYGONALFACE((46,45,60,61));
#811=IFCINDEXEDPOLYGONALFACE((39,38,53,54));
#812=IFCINDEXEDPOLYGONALFACE((47,46,61,62));
#813=IFCINDEXEDPOLYGONALFACE((40,39,54,55));
#814=IFCINDEXEDPOLYGONALFACE((48,47,62,63));
#815=IFCINDEXEDPOLYGONALFACE((41,40,55,56));
#816=IFCINDEXEDPOLYGONALFACE((49,48,63,64));
#817=IFCINDEXEDPOLYGONALFACE((42,41,56,57));
#818=IFCINDEXEDPOLYGONALFACE((50,49,64,65));
#819=IFCINDEXEDPOLYGONALFACE((43,42,57,58));
#820=IFCINDEXEDPOLYGONALFACE((55,54,69,70));
#821=IFCINDEXEDPOLYGONALFACE((63,62,77,78));
#822=IFCINDEXEDPOLYGONALFACE((56,55,70,71));
#823=IFCINDEXEDPOLYGONALFACE((64,63,78,79));
#824=IFCINDEXEDPOLYGONALFACE((57,56,71,72));
#825=IFCINDEXEDPOLYGONALFACE((65,64,79,80));
#826=IFCINDEXEDPOLYGONALFACE((58,57,72,73));
#827=IFCINDEXEDPOLYGONALFACE((66,65,80,81));
#828=IFCINDEXEDPOLYGONALFACE((59,58,73,74));
#829=IFCINDEXEDPOLYGONALFACE((52,82,67));
#830=IFCINDEXEDPOLYGONALFACE((308,66,81));
#831=IFCINDEXEDPOLYGONALFACE((60,59,74,75));
#832=IFCINDEXEDPOLYGONALFACE((53,52,67,68));
#833=IFCINDEXEDPOLYGONALFACE((61,60,75,76));
#834=IFCINDEXEDPOLYGONALFACE((54,53,68,69));
#835=IFCINDEXEDPOLYGONALFACE((62,61,76,77));
#836=IFCINDEXEDPOLYGONALFACE((74,73,89,90));
#837=IFCINDEXEDPOLYGONALFACE((67,82,83));
#838=IFCINDEXEDPOLYGONALFACE((308,81,97));
#839=IFCINDEXEDPOLYGONALFACE((75,74,90,91));
#840=IFCINDEXEDPOLYGONALFACE((68,67,83,84));
#841=IFCINDEXEDPOLYGONALFACE((76,75,91,92));
#842=IFCINDEXEDPOLYGONALFACE((69,68,84,85));
#843=IFCINDEXEDPOLYGONALFACE((77,76,92,93));
#844=IFCINDEXEDPOLYGONALFACE((70,69,85,86));
#845=IFCINDEXEDPOLYGONALFACE((78,77,93,94));
#846=IFCINDEXEDPOLYGONALFACE((71,70,86,87));
#847=IFCINDEXEDPOLYGONALFACE((79,78,94,95));
#848=IFCINDEXEDPOLYGONALFACE((72,71,87,88));
#849=IFCINDEXEDPOLYGONALFACE((80,79,95,96));
#850=IFCINDEXEDPOLYGONALFACE((73,72,88,89));
#851=IFCINDEXEDPOLYGONALFACE((81,80,96,97));
#852=IFCINDEXEDPOLYGONALFACE((94,93,108,109));
#853=IFCINDEXEDPOLYGONALFACE((87,86,101,102));
#854=IFCINDEXEDPOLYGONALFACE((95,94,109,110));
#855=IFCINDEXEDPOLYGONALFACE((88,87,102,103));
#856=IFCINDEXEDPOLYGONALFACE((96,95,110,111));
#857=IFCINDEXEDPOLYGONALFACE((89,88,103,104));
#858=IFCINDEXEDPOLYGONALFACE((97,96,111,112));
#859=IFCINDEXEDPOLYGONALFACE((90,89,104,105));
#860=IFCINDEXEDPOLYGONALFACE((83,82,98));
#861=IFCINDEXEDPOLYGONALFACE((308,97,112));
#862=IFCINDEXEDPOLYGONALFACE((91,90,105,106));
#863=IFCINDEXEDPOLYGONALFACE((84,83,98,99));
#864=IFCINDEXEDPOLYGONALFACE((92,91,106,107));
#865=IFCINDEXEDPOLYGONALFACE((85,84,99,100));
#866=IFCINDEXEDPOLYGONALFACE((93,92,107,108));
#867=IFCINDEXEDPOLYGONALFACE((86,85,100,101));
#868=IFCINDEXEDPOLYGONALFACE((308,112,127));
#869=IFCINDEXEDPOLYGONALFACE((106,105,120,121));
#870=IFCINDEXEDPOLYGONALFACE((99,98,113,114));
#871=IFCINDEXEDPOLYGONALFACE((107,106,121,122));
#872=IFCINDEXEDPOLYGONALFACE((100,99,114,115));
#873=IFCINDEXEDPOLYGONALFACE((108,107,122,123));
#874=IFCINDEXEDPOLYGONALFACE((101,100,115,116));
#875=IFCINDEXEDPOLYGONALFACE((109,108,123,124));
#876=IFCINDEXEDPOLYGONALFACE((102,101,116,117));
#877=IFCINDEXEDPOLYGONALFACE((110,109,124,125));
#878=IFCINDEXEDPOLYGONALFACE((103,102,117,118));
#879=IFCINDEXEDPOLYGONALFACE((111,110,125,126));
#880=IFCINDEXEDPOLYGONALFACE((104,103,118,119));
#881=IFCINDEXEDPOLYGONALFACE((112,111,126,127));
#882=IFCINDEXEDPOLYGONALFACE((105,104,119,120));
#883=IFCINDEXEDPOLYGONALFACE((98,82,113));
#884=IFCINDEXEDPOLYGONALFACE((125,124,139,140));
#885=IFCINDEXEDPOLYGONALFACE((118,117,132,133));
#886=IFCINDEXEDPOLYGONALFACE((126,125,140,141));
#887=IFCINDEXEDPOLYGONALFACE((119,118,133,134));
#888=IFCINDEXEDPOLYGONALFACE((127,126,141,142));
#889=IFCINDEXEDPOLYGONALFACE((120,119,134,135));
#890=IFCINDEXEDPOLYGONALFACE((113,82,128));
#891=IFCINDEXEDPOLYGONALFACE((308,127,142));
#892=IFCINDEXEDPOLYGONALFACE((121,120,135,136));
#893=IFCINDEXEDPOLYGONALFACE((114,113,128,129));
#894=IFCINDEXEDPOLYGONALFACE((122,121,136,137));
#895=IFCINDEXEDPOLYGONALFACE((115,114,129,130));
#896=IFCINDEXEDPOLYGONALFACE((123,122,137,138));
#897=IFCINDEXEDPOLYGONALFACE((116,115,130,131));
#898=IFCINDEXEDPOLYGONALFACE((124,123,138,139));
#899=IFCINDEXEDPOLYGONALFACE((117,116,131,132));
#900=IFCINDEXEDPOLYGONALFACE((129,128,143,144));
#901=IFCINDEXEDPOLYGONALFACE((137,136,151,152));
#902=IFCINDEXEDPOLYGONALFACE((130,129,144,145));
#903=IFCINDEXEDPOLYGONALFACE((138,137,152,153));
#904=IFCINDEXEDPOLYGONALFACE((131,130,145,146));
#905=IFCINDEXEDPOLYGONALFACE((139,138,153,154));
#906=IFCINDEXEDPOLYGONALFACE((132,131,146,147));
#907=IFCINDEXEDPOLYGONALFACE((140,139,154,155));
#908=IFCINDEXEDPOLYGONALFACE((133,132,147,148));
#909=IFCINDEXEDPOLYGONALFACE((141,140,155,156));
#910=IFCINDEXEDPOLYGONALFACE((134,133,148,149));
#911=IFCINDEXEDPOLYGONALFACE((142,141,156,157));
#912=IFCINDEXEDPOLYGONALFACE((135,134,149,150));
#913=IFCINDEXEDPOLYGONALFACE((128,82,143));
#914=IFCINDEXEDPOLYGONALFACE((308,142,157));
#915=IFCINDEXEDPOLYGONALFACE((136,135,150,151));
#916=IFCINDEXEDPOLYGONALFACE((148,147,162,163));
#917=IFCINDEXEDPOLYGONALFACE((156,155,170,171));
#918=IFCINDEXEDPOLYGONALFACE((149,148,163,164));
#919=IFCINDEXEDPOLYGONALFACE((157,156,171,172));
#920=IFCINDEXEDPOLYGONALFACE((150,149,164,165));
#921=IFCINDEXEDPOLYGONALFACE((143,82,158));
#922=IFCINDEXEDPOLYGONALFACE((308,157,172));
#923=IFCINDEXEDPOLYGONALFACE((151,150,165,166));
#924=IFCINDEXEDPOLYGONALFACE((144,143,158,159));
#925=IFCINDEXEDPOLYGONALFACE((152,151,166,167));
#926=IFCINDEXEDPOLYGONALFACE((145,144,159,160));
#927=IFCINDEXEDPOLYGONALFACE((153,152,167,168));
#928=IFCINDEXEDPOLYGONALFACE((146,145,160,161));
#929=IFCINDEXEDPOLYGONALFACE((154,153,168,169));
#930=IFCINDEXEDPOLYGONALFACE((147,146,161,162));
#931=IFCINDEXEDPOLYGONALFACE((155,154,169,170));
#932=IFCINDEXEDPOLYGONALFACE((167,166,181,182));
#933=IFCINDEXEDPOLYGONALFACE((160,159,174,175));
#934=IFCINDEXEDPOLYGONALFACE((168,167,182,183));
#935=IFCINDEXEDPOLYGONALFACE((161,160,175,176));
#936=IFCINDEXEDPOLYGONALFACE((169,168,183,184));
#937=IFCINDEXEDPOLYGONALFACE((162,161,176,177));
#938=IFCINDEXEDPOLYGONALFACE((170,169,184,185));
#939=IFCINDEXEDPOLYGONALFACE((163,162,177,178));
#940=IFCINDEXEDPOLYGONALFACE((171,170,185,186));
#941=IFCINDEXEDPOLYGONALFACE((164,163,178,179));
#942=IFCINDEXEDPOLYGONALFACE((172,171,186,187));
#943=IFCINDEXEDPOLYGONALFACE((165,164,179,180));
#944=IFCINDEXEDPOLYGONALFACE((158,82,173));
#945=IFCINDEXEDPOLYGONALFACE((308,172,187));
#946=IFCINDEXEDPOLYGONALFACE((166,165,180,181));
#947=IFCINDEXEDPOLYGONALFACE((159,158,173,174));
#948=IFCINDEXEDPOLYGONALFACE((186,185,200,201));
#949=IFCINDEXEDPOLYGONALFACE((179,178,193,194));
#950=IFCINDEXEDPOLYGONALFACE((187,186,201,202));
#951=IFCINDEXEDPOLYGONALFACE((180,179,194,195));
#952=IFCINDEXEDPOLYGONALFACE((173,82,188));
#953=IFCINDEXEDPOLYGONALFACE((308,187,202));
#954=IFCINDEXEDPOLYGONALFACE((181,180,195,196));
#955=IFCINDEXEDPOLYGONALFACE((174,173,188,189));
#956=IFCINDEXEDPOLYGONALFACE((182,181,196,197));
#957=IFCINDEXEDPOLYGONALFACE((175,174,189,190));
#958=IFCINDEXEDPOLYGONALFACE((183,182,197,198));
#959=IFCINDEXEDPOLYGONALFACE((176,175,190,191));
#960=IFCINDEXEDPOLYGONALFACE((184,183,198,199));
#961=IFCINDEXEDPOLYGONALFACE((177,176,191,192));
#962=IFCINDEXEDPOLYGONALFACE((185,184,199,200));
#963=IFCINDEXEDPOLYGONALFACE((178,177,192,193));
#964=IFCINDEXEDPOLYGONALFACE((190,189,204,205));
#965=IFCINDEXEDPOLYGONALFACE((198,197,212,213));
#966=IFCINDEXEDPOLYGONALFACE((191,190,205,206));
#967=IFCINDEXEDPOLYGONALFACE((199,198,213,214));
#968=IFCINDEXEDPOLYGONALFACE((192,191,206,207));
#969=IFCINDEXEDPOLYGONALFACE((200,199,214,215));
#970=IFCINDEXEDPOLYGONALFACE((193,192,207,208));
#971=IFCINDEXEDPOLYGONALFACE((201,200,215,216));
#972=IFCINDEXEDPOLYGONALFACE((194,193,208,209));
#973=IFCINDEXEDPOLYGONALFACE((202,201,216,217));
#974=IFCINDEXEDPOLYGONALFACE((195,194,209,210));
#975=IFCINDEXEDPOLYGONALFACE((188,82,203));
#976=IFCINDEXEDPOLYGONALFACE((308,202,217));
#977=IFCINDEXEDPOLYGONALFACE((196,195,210,211));
#978=IFCINDEXEDPOLYGONALFACE((189,188,203,204));
#979=IFCINDEXEDPOLYGONALFACE((197,196,211,212));
#980=IFCINDEXEDPOLYGONALFACE((209,208,223,224));
#981=IFCINDEXEDPOLYGONALFACE((217,216,231,232));
#982=IFCINDEXEDPOLYGONALFACE((210,209,224,225));
#983=IFCINDEXEDPOLYGONALFACE((203,82,218));
#984=IFCINDEXEDPOLYGONALFACE((308,217,232));
#985=IFCINDEXEDPOLYGONALFACE((211,210,225,226));
#986=IFCINDEXEDPOLYGONALFACE((204,203,218,219));
#987=IFCINDEXEDPOLYGONALFACE((212,211,226,227));
#988=IFCINDEXEDPOLYGONALFACE((205,204,219,220));
#989=IFCINDEXEDPOLYGONALFACE((213,212,227,228));
#990=IFCINDEXEDPOLYGONALFACE((206,205,220,221));
#991=IFCINDEXEDPOLYGONALFACE((214,213,228,229));
#992=IFCINDEXEDPOLYGONALFACE((207,206,221,222));
#993=IFCINDEXEDPOLYGONALFACE((215,214,229,230));
#994=IFCINDEXEDPOLYGONALFACE((208,207,222,223));
#995=IFCINDEXEDPOLYGONALFACE((216,215,230,231));
#996=IFCINDEXEDPOLYGONALFACE((228,227,242,243));
#997=IFCINDEXEDPOLYGONALFACE((221,220,235,236));
#998=IFCINDEXEDPOLYGONALFACE((229,228,243,244));
#999=IFCINDEXEDPOLYGONALFACE((222,221,236,237));
#1000=IFCINDEXEDPOLYGONALFACE((230,229,244,245));
#1001=IFCINDEXEDPOLYGONALFACE((223,222,237,238));
#1002=IFCINDEXEDPOLYGONALFACE((231,230,245,246));
#1003=IFCINDEXEDPOLYGONALFACE((224,223,238,239));
#1004=IFCINDEXEDPOLYGONALFACE((232,231,246,247));
#1005=IFCINDEXEDPOLYGONALFACE((225,224,239,240));
#1006=IFCINDEXEDPOLYGONALFACE((218,82,233));
#1007=IFCINDEXEDPOLYGONALFACE((308,232,247));
#1008=IFCINDEXEDPOLYGONALFACE((226,225,240,241));
#1009=IFCINDEXEDPOLYGONALFACE((219,218,233,234));
#1010=IFCINDEXEDPOLYGONALFACE((227,226,241,242));
#1011=IFCINDEXEDPOLYGONALFACE((220,219,234,235));
#1012=IFCINDEXEDPOLYGONALFACE((247,246,261,262));
#1013=IFCINDEXEDPOLYGONALFACE((240,239,254,255));
#1014=IFCINDEXEDPOLYGONALFACE((233,82,248));
#1015=IFCINDEXEDPOLYGONALFACE((308,247,262));
#1016=IFCINDEXEDPOLYGONALFACE((241,240,255,256));
#1017=IFCINDEXEDPOLYGONALFACE((234,233,248,249));
#1018=IFCINDEXEDPOLYGONALFACE((242,241,256,257));
#1019=IFCINDEXEDPOLYGONALFACE((235,234,249,250));
#1020=IFCINDEXEDPOLYGONALFACE((243,242,257,258));
#1021=IFCINDEXEDPOLYGONALFACE((236,235,250,251));
#1022=IFCINDEXEDPOLYGONALFACE((244,243,258,259));
#1023=IFCINDEXEDPOLYGONALFACE((237,236,251,252));
#1024=IFCINDEXEDPOLYGONALFACE((245,244,259,260));
#1025=IFCINDEXEDPOLYGONALFACE((238,237,252,253));
#1026=IFCINDEXEDPOLYGONALFACE((246,245,260,261));
#1027=IFCINDEXEDPOLYGONALFACE((239,238,253,254));
#1028=IFCINDEXEDPOLYGONALFACE((259,258,273,274));
#1029=IFCINDEXEDPOLYGONALFACE((252,251,266,267));
#1030=IFCINDEXEDPOLYGONALFACE((260,259,274,275));
#1031=IFCINDEXEDPOLYGONALFACE((253,252,267,268));
#1032=IFCINDEXEDPOLYGONALFACE((261,260,275,276));
#1033=IFCINDEXEDPOLYGONALFACE((254,253,268,269));
#1034=IFCINDEXEDPOLYGONALFACE((262,261,276,277));
#1035=IFCINDEXEDPOLYGONALFACE((255,254,269,270));
#1036=IFCINDEXEDPOLYGONALFACE((248,82,263));
#1037=IFCINDEXEDPOLYGONALFACE((308,262,277));
#1038=IFCINDEXEDPOLYGONALFACE((256,255,270,271));
#1039=IFCINDEXEDPOLYGONALFACE((249,248,263,264));
#1040=IFCINDEXEDPOLYGONALFACE((257,256,271,272));
#1041=IFCINDEXEDPOLYGONALFACE((250,249,264,265));
#1042=IFCINDEXEDPOLYGONALFACE((258,257,272,273));
#1043=IFCINDEXEDPOLYGONALFACE((251,250,265,266));
#1044=IFCINDEXEDPOLYGONALFACE((263,82,278));
#1045=IFCINDEXEDPOLYGONALFACE((308,277,292));
#1046=IFCINDEXEDPOLYGONALFACE((271,270,285,286));
#1047=IFCINDEXEDPOLYGONALFACE((264,263,278,279));
#1048=IFCINDEXEDPOLYGONALFACE((272,271,286,287));
#1049=IFCINDEXEDPOLYGONALFACE((265,264,279,280));
#1050=IFCINDEXEDPOLYGONALFACE((273,272,287,288));
#1051=IFCINDEXEDPOLYGONALFACE((266,265,280,281));
#1052=IFCINDEXEDPOLYGONALFACE((274,273,288,289));
#1053=IFCINDEXEDPOLYGONALFACE((267,266,281,282));
#1054=IFCINDEXEDPOLYGONALFACE((275,274,289,290));
#1055=IFCINDEXEDPOLYGONALFACE((268,267,282,283));
#1056=IFCINDEXEDPOLYGONALFACE((276,275,290,291));
#1057=IFCINDEXEDPOLYGONALFACE((269,268,283,284));
#1058=IFCINDEXEDPOLYGONALFACE((277,276,291,292));
#1059=IFCINDEXEDPOLYGONALFACE((270,269,284,285));
#1060=IFCINDEXEDPOLYGONALFACE((282,281,296,297));
#1061=IFCINDEXEDPOLYGONALFACE((290,289,304,305));
#1062=IFCINDEXEDPOLYGONALFACE((283,282,297,298));
#1063=IFCINDEXEDPOLYGONALFACE((291,290,305,306));
#1064=IFCINDEXEDPOLYGONALFACE((284,283,298,299));
#1065=IFCINDEXEDPOLYGONALFACE((292,291,306,307));
#1066=IFCINDEXEDPOLYGONALFACE((285,284,299,300));
#1067=IFCINDEXEDPOLYGONALFACE((278,82,293));
#1068=IFCINDEXEDPOLYGONALFACE((308,292,307));
#1069=IFCINDEXEDPOLYGONALFACE((286,285,300,301));
#1070=IFCINDEXEDPOLYGONALFACE((279,278,293,294));
#1071=IFCINDEXEDPOLYGONALFACE((287,286,301,302));
#1072=IFCINDEXEDPOLYGONALFACE((280,279,294,295));
#1073=IFCINDEXEDPOLYGONALFACE((288,287,302,303));
#1074=IFCINDEXEDPOLYGONALFACE((281,280,295,296));
#1075=IFCINDEXEDPOLYGONALFACE((289,288,303,304));
#1076=IFCINDEXEDPOLYGONALFACE((301,300,316,317));
#1077=IFCINDEXEDPOLYGONALFACE((294,293,309,310));
#1078=IFCINDEXEDPOLYGONALFACE((302,301,317,318));
#1079=IFCINDEXEDPOLYGONALFACE((295,294,310,311));
#1080=IFCINDEXEDPOLYGONALFACE((303,302,318,319));
#1081=IFCINDEXEDPOLYGONALFACE((296,295,311,312));
#1082=IFCINDEXEDPOLYGONALFACE((304,303,319,320));
#1083=IFCINDEXEDPOLYGONALFACE((297,296,312,313));
#1084=IFCINDEXEDPOLYGONALFACE((305,304,320,321));
#1085=IFCINDEXEDPOLYGONALFACE((298,297,313,314));
#1086=IFCINDEXEDPOLYGONALFACE((306,305,321,322));
#1087=IFCINDEXEDPOLYGONALFACE((299,298,314,315));
#1088=IFCINDEXEDPOLYGONALFACE((307,306,322,323));
#1089=IFCINDEXEDPOLYGONALFACE((300,299,315,316));
#1090=IFCINDEXEDPOLYGONALFACE((293,82,309));
#1091=IFCINDEXEDPOLYGONALFACE((308,307,323));
#1092=IFCINDEXEDPOLYGONALFACE((321,320,335,336));
#1093=IFCINDEXEDPOLYGONALFACE((314,313,328,329));
#1094=IFCINDEXEDPOLYGONALFACE((322,321,336,337));
#1095=IFCINDEXEDPOLYGONALFACE((315,314,329,330));
#1096=IFCINDEXEDPOLYGONALFACE((323,322,337,338));
#1097=IFCINDEXEDPOLYGONALFACE((316,315,330,331));
#1098=IFCINDEXEDPOLYGONALFACE((309,82,324));
#1099=IFCINDEXEDPOLYGONALFACE((308,323,338));
#1100=IFCINDEXEDPOLYGONALFACE((317,316,331,332));
#1101=IFCINDEXEDPOLYGONALFACE((310,309,324,325));
#1102=IFCINDEXEDPOLYGONALFACE((318,317,332,333));
#1103=IFCINDEXEDPOLYGONALFACE((311,310,325,326));
#1104=IFCINDEXEDPOLYGONALFACE((319,318,333,334));
#1105=IFCINDEXEDPOLYGONALFACE((312,311,326,327));
#1106=IFCINDEXEDPOLYGONALFACE((320,319,334,335));
#1107=IFCINDEXEDPOLYGONALFACE((313,312,327,328));
#1108=IFCINDEXEDPOLYGONALFACE((325,324,339,340));
#1109=IFCINDEXEDPOLYGONALFACE((333,332,347,348));
#1110=IFCINDEXEDPOLYGONALFACE((326,325,340,341));
#1111=IFCINDEXEDPOLYGONALFACE((334,333,348,349));
#1112=IFCINDEXEDPOLYGONALFACE((327,326,341,342));
#1113=IFCINDEXEDPOLYGONALFACE((335,334,349,350));
#1114=IFCINDEXEDPOLYGONALFACE((328,327,342,343));
#1115=IFCINDEXEDPOLYGONALFACE((336,335,350,351));
#1116=IFCINDEXEDPOLYGONALFACE((329,328,343,344));
#1117=IFCINDEXEDPOLYGONALFACE((337,336,351,352));
#1118=IFCINDEXEDPOLYGONALFACE((330,329,344,345));
#1119=IFCINDEXEDPOLYGONALFACE((338,337,352,353));
#1120=IFCINDEXEDPOLYGONALFACE((331,330,345,346));
#1121=IFCINDEXEDPOLYGONALFACE((324,82,339));
#1122=IFCINDEXEDPOLYGONALFACE((308,338,353));
#1123=IFCINDEXEDPOLYGONALFACE((332,331,346,347));
#1124=IFCINDEXEDPOLYGONALFACE((344,343,358,359));
#1125=IFCINDEXEDPOLYGONALFACE((352,351,366,367));
#1126=IFCINDEXEDPOLYGONALFACE((345,344,359,360));
#1127=IFCINDEXEDPOLYGONALFACE((353,352,367,368));
#1128=IFCINDEXEDPOLYGONALFACE((346,345,360,361));
#1129=IFCINDEXEDPOLYGONALFACE((339,82,354));
#1130=IFCINDEXEDPOLYGONALFACE((308,353,368));
#1131=IFCINDEXEDPOLYGONALFACE((347,346,361,362));
#1132=IFCINDEXEDPOLYGONALFACE((340,339,354,355));
#1133=IFCINDEXEDPOLYGONALFACE((348,347,362,363));
#1134=IFCINDEXEDPOLYGONALFACE((341,340,355,356));
#1135=IFCINDEXEDPOLYGONALFACE((349,348,363,364));
#1136=IFCINDEXEDPOLYGONALFACE((342,341,356,357));
#1137=IFCINDEXEDPOLYGONALFACE((350,349,364,365));
#1138=IFCINDEXEDPOLYGONALFACE((343,342,357,358));
#1139=IFCINDEXEDPOLYGONALFACE((351,350,365,366));
#1140=IFCINDEXEDPOLYGONALFACE((363,362,377,378));
#1141=IFCINDEXEDPOLYGONALFACE((356,355,370,371));
#1142=IFCINDEXEDPOLYGONALFACE((364,363,378,379));
#1143=IFCINDEXEDPOLYGONALFACE((357,356,371,372));
#1144=IFCINDEXEDPOLYGONALFACE((365,364,379,380));
#1145=IFCINDEXEDPOLYGONALFACE((358,357,372,373));
#1146=IFCINDEXEDPOLYGONALFACE((366,365,380,381));
#1147=IFCINDEXEDPOLYGONALFACE((359,358,373,374));
#1148=IFCINDEXEDPOLYGONALFACE((367,366,381,382));
#1149=IFCINDEXEDPOLYGONALFACE((360,359,374,375));
#1150=IFCINDEXEDPOLYGONALFACE((368,367,382,383));
#1151=IFCINDEXEDPOLYGONALFACE((361,360,375,376));
#1152=IFCINDEXEDPOLYGONALFACE((354,82,369));
#1153=IFCINDEXEDPOLYGONALFACE((308,368,383));
#1154=IFCINDEXEDPOLYGONALFACE((362,361,376,377));
#1155=IFCINDEXEDPOLYGONALFACE((355,354,369,370));
#1156=IFCINDEXEDPOLYGONALFACE((382,381,396,397));
#1157=IFCINDEXEDPOLYGONALFACE((375,374,389,390));
#1158=IFCINDEXEDPOLYGONALFACE((383,382,397,398));
#1159=IFCINDEXEDPOLYGONALFACE((376,375,390,391));
#1160=IFCINDEXEDPOLYGONALFACE((369,82,384));
#1161=IFCINDEXEDPOLYGONALFACE((308,383,398));
#1162=IFCINDEXEDPOLYGONALFACE((377,376,391,392));
#1163=IFCINDEXEDPOLYGONALFACE((370,369,384,385));
#1164=IFCINDEXEDPOLYGONALFACE((378,377,392,393));
#1165=IFCINDEXEDPOLYGONALFACE((371,370,385,386));
#1166=IFCINDEXEDPOLYGONALFACE((379,378,393,394));
#1167=IFCINDEXEDPOLYGONALFACE((372,371,386,387));
#1168=IFCINDEXEDPOLYGONALFACE((380,379,394,395));
#1169=IFCINDEXEDPOLYGONALFACE((373,372,387,388));
#1170=IFCINDEXEDPOLYGONALFACE((381,380,395,396));
#1171=IFCINDEXEDPOLYGONALFACE((374,373,388,389));
#1172=IFCINDEXEDPOLYGONALFACE((394,393,408,409));
#1173=IFCINDEXEDPOLYGONALFACE((387,386,401,402));
#1174=IFCINDEXEDPOLYGONALFACE((395,394,409,410));
#1175=IFCINDEXEDPOLYGONALFACE((388,387,402,403));
#1176=IFCINDEXEDPOLYGONALFACE((396,395,410,411));
#1177=IFCINDEXEDPOLYGONALFACE((389,388,403,404));
#1178=IFCINDEXEDPOLYGONALFACE((397,396,411,412));
#1179=IFCINDEXEDPOLYGONALFACE((390,389,404,405));
#1180=IFCINDEXEDPOLYGONALFACE((398,397,412,413));
#1181=IFCINDEXEDPOLYGONALFACE((391,390,405,406));
#1182=IFCINDEXEDPOLYGONALFACE((384,82,399));
#1183=IFCINDEXEDPOLYGONALFACE((308,398,413));
#1184=IFCINDEXEDPOLYGONALFACE((392,391,406,407));
#1185=IFCINDEXEDPOLYGONALFACE((385,384,399,400));
#1186=IFCINDEXEDPOLYGONALFACE((393,392,407,408));
#1187=IFCINDEXEDPOLYGONALFACE((386,385,400,401));
#1188=IFCINDEXEDPOLYGONALFACE((413,412,427,428));
#1189=IFCINDEXEDPOLYGONALFACE((406,405,420,421));
#1190=IFCINDEXEDPOLYGONALFACE((399,82,414));
#1191=IFCINDEXEDPOLYGONALFACE((308,413,428));
#1192=IFCINDEXEDPOLYGONALFACE((407,406,421,422));
#1193=IFCINDEXEDPOLYGONALFACE((400,399,414,415));
#1194=IFCINDEXEDPOLYGONALFACE((408,407,422,423));
#1195=IFCINDEXEDPOLYGONALFACE((401,400,415,416));
#1196=IFCINDEXEDPOLYGONALFACE((409,408,423,424));
#1197=IFCINDEXEDPOLYGONALFACE((402,401,416,417));
#1198=IFCINDEXEDPOLYGONALFACE((410,409,424,425));
#1199=IFCINDEXEDPOLYGONALFACE((403,402,417,418));
#1200=IFCINDEXEDPOLYGONALFACE((411,410,425,426));
#1201=IFCINDEXEDPOLYGONALFACE((404,403,418,419));
#1202=IFCINDEXEDPOLYGONALFACE((412,411,426,427));
#1203=IFCINDEXEDPOLYGONALFACE((405,404,419,420));
#1204=IFCINDEXEDPOLYGONALFACE((417,416,431,432));
#1205=IFCINDEXEDPOLYGONALFACE((425,424,439,440));
#1206=IFCINDEXEDPOLYGONALFACE((418,417,432,433));
#1207=IFCINDEXEDPOLYGONALFACE((426,425,440,441));
#1208=IFCINDEXEDPOLYGONALFACE((419,418,433,434));
#1209=IFCINDEXEDPOLYGONALFACE((427,426,441,442));
#1210=IFCINDEXEDPOLYGONALFACE((420,419,434,435));
#1211=IFCINDEXEDPOLYGONALFACE((428,427,442,443));
#1212=IFCINDEXEDPOLYGONALFACE((421,420,435,436));
#1213=IFCINDEXEDPOLYGONALFACE((414,82,429));
#1214=IFCINDEXEDPOLYGONALFACE((308,428,443));
#1215=IFCINDEXEDPOLYGONALFACE((422,421,436,437));
#1216=IFCINDEXEDPOLYGONALFACE((415,414,429,430));
#1217=IFCINDEXEDPOLYGONALFACE((423,422,437,438));
#1218=IFCINDEXEDPOLYGONALFACE((416,415,430,431));
#1219=IFCINDEXEDPOLYGONALFACE((424,423,438,439));
#1220=IFCINDEXEDPOLYGONALFACE((436,435,450,451));
#1221=IFCINDEXEDPOLYGONALFACE((429,82,444));
#1222=IFCINDEXEDPOLYGONALFACE((308,443,458));
#1223=IFCINDEXEDPOLYGONALFACE((437,436,451,452));
#1224=IFCINDEXEDPOLYGONALFACE((430,429,444,445));
#1225=IFCINDEXEDPOLYGONALFACE((438,437,452,453));
#1226=IFCINDEXEDPOLYGONALFACE((431,430,445,446));
#1227=IFCINDEXEDPOLYGONALFACE((439,438,453,454));
#1228=IFCINDEXEDPOLYGONALFACE((432,431,446,447));
#1229=IFCINDEXEDPOLYGONALFACE((440,439,454,455));
#1230=IFCINDEXEDPOLYGONALFACE((433,432,447,448));
#1231=IFCINDEXEDPOLYGONALFACE((441,440,455,456));
#1232=IFCINDEXEDPOLYGONALFACE((434,433,448,449));
#1233=IFCINDEXEDPOLYGONALFACE((442,441,456,457));
#1234=IFCINDEXEDPOLYGONALFACE((435,434,449,450));
#1235=IFCINDEXEDPOLYGONALFACE((443,442,457,458));
#1236=IFCINDEXEDPOLYGONALFACE((455,454,469,470));
#1237=IFCINDEXEDPOLYGONALFACE((448,447,462,463));
#1238=IFCINDEXEDPOLYGONALFACE((456,455,470,471));
#1239=IFCINDEXEDPOLYGONALFACE((449,448,463,464));
#1240=IFCINDEXEDPOLYGONALFACE((457,456,471,472));
#1241=IFCINDEXEDPOLYGONALFACE((450,449,464,465));
#1242=IFCINDEXEDPOLYGONALFACE((458,457,472,473));
#1243=IFCINDEXEDPOLYGONALFACE((451,450,465,466));
#1244=IFCINDEXEDPOLYGONALFACE((444,82,459));
#1245=IFCINDEXEDPOLYGONALFACE((308,458,473));
#1246=IFCINDEXEDPOLYGONALFACE((452,451,466,467));
#1247=IFCINDEXEDPOLYGONALFACE((445,444,459,460));
#1248=IFCINDEXEDPOLYGONALFACE((453,452,467,468));
#1249=IFCINDEXEDPOLYGONALFACE((446,445,460,461));
#1250=IFCINDEXEDPOLYGONALFACE((454,453,468,469));
#1251=IFCINDEXEDPOLYGONALFACE((447,446,461,462));
#1252=IFCINDEXEDPOLYGONALFACE((459,82,474));
#1253=IFCINDEXEDPOLYGONALFACE((308,473,482));
#1254=IFCINDEXEDPOLYGONALFACE((467,466,4,5));
#1255=IFCINDEXEDPOLYGONALFACE((460,459,474,475));
#1256=IFCINDEXEDPOLYGONALFACE((468,467,5,478));
#1257=IFCINDEXEDPOLYGONALFACE((461,460,475,1));
#1258=IFCINDEXEDPOLYGONALFACE((469,468,478,6));
#1259=IFCINDEXEDPOLYGONALFACE((462,461,1,476));
#1260=IFCINDEXEDPOLYGONALFACE((470,469,6,479));
#1261=IFCINDEXEDPOLYGONALFACE((463,462,476,2));
#1262=IFCINDEXEDPOLYGONALFACE((471,470,479,480));
#1263=IFCINDEXEDPOLYGONALFACE((464,463,2,477));
#1264=IFCINDEXEDPOLYGONALFACE((472,471,480,481));
#1265=IFCINDEXEDPOLYGONALFACE((465,464,477,3));
#1266=IFCINDEXEDPOLYGONALFACE((473,472,481,482));
#1267=IFCINDEXEDPOLYGONALFACE((466,465,3,4));
#1268=IFCCARTESIANPOINTLIST3D(((0.,0.113581873476505,0.16998727619648),(0.,0.16998727619648,0.113581873476505),(0.,0.200513660907745,0.0398846492171288),(0.,0.204441964626312,0.),(0.,0.200513660907745,-0.0398846492171288),(0.,0.16998727619648,-0.113581873476505),(0.00778110884130001,0.0391182750463486,0.200513660907745),(0.0152631960809231,0.076733261346817,0.188879743218422),(0.0221587251871824,0.111399427056313,0.16998727619648),(0.0282027050852776,0.141784563660622,0.144562304019928),(0.0331628732383251,0.166721016168594,0.113581873476505),(0.036848608404398,0.185250461101532,0.0782365575432777),(0.0391182750463486,0.196660846471786,0.0398846492171288),(0.0398846492171288,0.200513660907745,0.),(0.0391182750463486,0.196660846471786,-0.0398846492171288),(0.036848608404398,0.185250461101532,-0.0782365575432777),(0.0331628732383251,0.166721016168594,-0.113581873476505),(0.0282027050852776,0.141784563660622,-0.144562304019928),(0.0221587251871824,0.111399427056313,-0.16998727619648),(0.0152631960809231,0.076733261346817,-0.188879743218422),(0.00778110884130001,0.0391182750463486,-0.200513660907745),(0.0152631932869554,0.036848608404398,0.200513660907745),(0.0299398340284824,0.072281152009964,0.188879743218422),(0.0434659011662006,0.104935951530933,0.16998727619648),(0.0553215965628624,0.133558139204979,0.144562304019928),(0.0650513097643852,0.157047748565674,0.113581873476505),(0.0722811445593834,0.174502119421959,0.0782365575432777),(0.076733261346817,0.185250461101532,0.0398846492171288),(0.0782365500926971,0.188879728317261,0.),(0.076733261346817,0.185250461101532,-0.0398846492171288),(0.0722811445593834,0.174502119421959,-0.0782365575432777),(0.0650513097643852,0.157047748565674,-0.113581873476505),(0.0553215965628624,0.133558139204979,-0.144562304019928),(0.0434659011662006,0.104935951530933,-0.16998727619648),(0.0299398340284824,0.072281152009964,-0.188879743218422),(0.0152631932869554,0.036848608404398,-0.200513660907745),(0.0221587214618921,0.0331628695130348,0.200513660907745),(0.0434659011662006,0.0650513172149658,0.188879743218422),(0.063102699816227,0.0944398567080498,0.16998727619648),(0.0803145095705986,0.120199151337147,0.144562304019928),(0.0944398567080498,0.141339227557182,0.113581873476505),(0.104935951530933,0.157047748565674,0.0782365575432777),(0.111399427056313,0.166721016168594,0.0398846492171288),(0.113581873476505,0.169987246394157,0.),(0.111399427056313,0.166721016168594,-0.0398846492171288),(0.104935951530933,0.157047748565674,-0.0782365575432777),(0.0944398567080498,0.141339227557182,-0.113581873476505),(0.0803145095705986,0.120199151337147,-0.144562304019928),(0.063102699816227,0.0944398567080498,-0.16998727619648),(0.0434659011662006,0.0650513172149658,-0.188879743218422),(0.0221587214618921,0.0331628695130348,-0.200513660907745),(0.0282027032226324,0.0282026994973421,0.200513660907745),(0.0553215965628624,0.0553215928375721,0.188879743218422),(0.080314502120018,0.0803144946694374,0.16998727619648),(0.102220982313156,0.102220982313156,0.144562304019928),(0.120199143886566,0.120199128985405,0.113581873476505),(0.133558124303818,0.133558139204979,0.0782365575432777),(0.141784563660622,0.141784563660622,0.0398846492171288),(0.144562304019928,0.144562259316444,0.),(0.141784563660622,0.141784563660622,-0.0398846492171288),(0.133558124303818,0.133558139204979,-0.0782365575432777),(0.120199143886566,0.120199128985405,-0.113581873476505),(0.102220982313156,0.102220982313156,-0.144562304019928),(0.080314502120018,0.0803144946694374,-0.16998727619648),(0.0553215965628624,0.0553215928375721,-0.188879743218422),(0.0282027032226324,0.0282026994973421,-0.200513660907745),(0.0331628695130348,0.022158719599247,0.200513660907745),(0.0650513172149658,0.0434658974409103,0.188879743218422),(0.0944398641586304,0.0631026923656464,0.16998727619648),(0.120199151337147,0.0803145095705986,0.144562304019928),(0.141339242458344,0.0944398492574692,0.113581873476505),(0.157047748565674,0.104935966432095,0.0782365575432777),(0.166721016168594,0.111399404704571,0.0398846492171288),(0.169987261295319,0.113581821322441,0.),(0.166721016168594,0.111399404704571,-0.0398846492171288),(0.157047748565674,0.104935966432095,-0.0782365575432777),(0.141339242458344,0.0944398492574692,-0.113581873476505),(0.120199151337147,0.0803145095705986,-0.144562304019928),(0.0944398641586304,0.0631026923656464,-0.16998727619648),(0.0650513172149658,0.0434658974409103,-0.188879743218422),(0.0331628695130348,0.022158719599247,-0.200513660907745),(0.,0.,0.204441964626312),(0.0368486009538174,0.0152631895616651,0.200513660907745),(0.0722811445593834,0.029939828440547,0.188879743218422),(0.104935951530933,0.0434658862650394,0.16998727619648),(0.133558139204979,0.0553215965628624,0.144562304019928),(0.157047748565674,0.0650512874126434,0.113581873476505),(0.174502119421959,0.072281152009964,0.0782365575432777),(0.185250446200371,0.0767332315444946,0.0398846492171288),(0.1888797134161,0.0782365053892136,0.),(0.185250446200371,0.0767332315444946,-0.0398846492171288),(0.174502119421959,0.072281152009964,-0.0782365575432777),(0.157047748565674,0.0650512874126434,-0.113581873476505),(0.133558139204979,0.0553215965628624,-0.144562304019928),(0.104935951530933,0.0434658862650394,-0.16998727619648),(0.0722811445593834,0.029939828440547,-0.188879743218422),(0.0368486009538174,0.0152631895616651,-0.200513660907745),(0.039118267595768,0.00778110511600971,0.200513660907745),(0.0767332538962364,0.0152631895616651,0.188879743218422),(0.111399412155151,0.0221587121486664,0.16998727619648),(0.141784563660622,0.0282027088105679,0.144562304019928),(0.166720986366272,0.0331628508865833,0.113581873476505),(0.185250446200371,0.0368486195802689,0.0782365575432777),(0.196660831570625,0.0391182526946068,0.0398846492171288),(0.200513631105423,0.0398846082389355,0.),(0.196660831570625,0.0391182526946068,-0.0398846492171288),(0.185250446200371,0.0368486195802689,-0.0782365575432777),(0.166720986366272,0.0331628508865833,-0.113581873476505),(0.141784563660622,0.0282027088105679,-0.144562304019928),(0.111399412155151,0.0221587121486664,-0.16998727619648),(0.0767332538962364,0.0152631895616651,-0.188879743218422),(0.039118267595768,0.00778110511600971,-0.200513660907745),(0.0398846380412579,-2.28481700226268E-09,0.200513660907745),(0.0782365426421165,-4.56963400452537E-09,0.188879743218422),(0.113581851124763,-1.06624788998033E-08,0.16998727619648),(0.144562289118767,3.04642266968358E-09,0.144562304019928),(0.169987246394157,-1.82785360181015E-08,0.113581873476505),(0.188879728317261,9.13926800905074E-09,0.0782365575432777),(0.200513646006584,-1.82785360181015E-08,0.0398846492171288),(0.204441905021667,-3.3510648478341E-08,0.),(0.200513646006584,-1.82785360181015E-08,-0.0398846492171288),(0.188879728317261,9.13926800905074E-09,-0.0782365575432777),(0.169987246394157,-1.82785360181015E-08,-0.113581873476505),(0.144562289118767,3.04642266968358E-09,-0.144562304019928),(0.113581851124763,-1.06624788998033E-08,-0.16998727619648),(0.0782365426421165,-4.56963400452537E-09,-0.188879743218422),(0.0398846380412579,-2.28481700226268E-09,-0.200513660907745),(0.0391182638704777,-0.00778110884130001,0.200513660907745),(0.0767332538962364,-0.0152631979435682,0.188879743218422),(0.111399404704571,-0.0221587289124727,0.16998727619648),(0.141784563660622,-0.0282026994973421,0.144562304019928),(0.166720971465111,-0.033162884414196,0.113581873476505),(0.185250446200371,-0.0368486009538174,0.0782365575432777),(0.196660816669464,-0.0391182862222195,0.0398846492171288),(0.200513586401939,-0.0398846715688705,0.),(0.196660816669464,-0.0391182862222195,-0.0398846492171288),(0.185250446200371,-0.0368486009538174,-0.0782365575432777),(0.166720971465111,-0.033162884414196,-0.113581873476505),(0.141784563660622,-0.0282026994973421,-0.144562304019928),(0.111399404704571,-0.0221587289124727,-0.16998727619648),(0.0767332538962364,-0.0152631979435682,-0.188879743218422),(0.0391182638704777,-0.00778110884130001,-0.200513660907745),(0.0368485972285271,-0.0152631914243102,0.200513660907745),(0.0722811445593834,-0.0299398340284824,0.188879743218422),(0.104935929179192,-0.0434659011662006,0.16998727619648),(0.133558124303818,-0.0553215853869915,0.144562304019928),(0.157047718763351,-0.0650513172149658,0.113581873476505),(0.174502119421959,-0.0722811296582222,0.0782365575432777),(0.18525043129921,-0.076733261346817,0.0398846492171288),(0.188879653811455,-0.0782365575432777,0.),(0.18525043129921,-0.076733261346817,-0.0398846492171288),(0.174502119421959,-0.0722811296582222,-0.0782365575432777),(0.157047718763351,-0.0650513172149658,-0.113581873476505),(0.133558124303818,-0.0553215853869915,-0.144562304019928),(0.104935929179192,-0.0434659011662006,-0.16998727619648),(0.0722811445593834,-0.0299398340284824,-0.188879743218422),(0.0368485972285271,-0.0152631914243102,-0.200513660907745),(0.0331628583371639,-0.0221587158739567,0.200513660907745),(0.0650513023138046,-0.0434658974409103,0.188879743218422),(0.094439834356308,-0.063102699816227,0.16998727619648),(0.120199143886566,-0.0803144946694374,0.144562304019928),(0.141339212656021,-0.0944398567080498,0.113581873476505),(0.157047748565674,-0.104935944080353,0.0782365575432777),(0.166720971465111,-0.111399412155151,0.0398846492171288),(0.169987186789513,-0.113581858575344,0.),(0.166720971465111,-0.111399412155151,-0.0398846492171288),(0.157047748565674,-0.104935944080353,-0.0782365575432777),(0.141339212656021,-0.0944398567080498,-0.113581873476505),(0.120199143886566,-0.0803144946694374,-0.144562304019928),(0.094439834356308,-0.063102699816227,-0.16998727619648),(0.0650513023138046,-0.0434658974409103,-0.188879743218422),(0.0331628583371639,-0.0221587158739567,-0.200513660907745),(0.0282026901841164,-0.0282026939094067,0.200513660907745),(0.0553215779364109,-0.0553215928375721,0.188879743218422),(0.080314464867115,-0.0803144946694374,0.16998727619648),(0.102220967411995,-0.102220967411995,0.144562304019928),(0.120199106633663,-0.120199128985405,0.113581873476505),(0.133558124303818,-0.133558124303818,0.0782365575432777),(0.141784533858299,-0.141784563660622,0.0398846492171288),(0.144562184810638,-0.144562274217606,0.),(0.141784533858299,-0.141784563660622,-0.0398846492171288),(0.133558124303818,-0.133558124303818,-0.0782365575432777),(0.120199106633663,-0.120199128985405,-0.113581873476505),(0.102220967411995,-0.102220967411995,-0.144562304019928),(0.080314464867115,-0.0803144946694374,-0.16998727619648),(0.0553215779364109,-0.0553215928375721,-0.188879743218422),(0.0282026901841164,-0.0282026939094067,-0.200513660907745),(0.0221587121486664,-0.0331628583371639,0.200513660907745),(0.0434658825397491,-0.0650513097643852,0.188879743218422),(0.0631026700139046,-0.0944398492574692,0.16998727619648),(0.0803144946694374,-0.120199143886566,0.144562304019928),(0.0944398269057274,-0.141339212656021,0.113581873476505),(0.104935951530933,-0.157047733664513,0.0782365575432777),(0.111399374902248,-0.166720986366272,0.0398846492171288),(0.113581761717796,-0.169987231492996,0.),(0.111399374902248,-0.166720986366272,-0.0398846492171288),(0.104935951530933,-0.157047733664513,-0.0782365575432777),(0.0944398269057274,-0.141339212656021,-0.113581873476505),(0.0803144946694374,-0.120199143886566,-0.144562304019928),(0.0631026700139046,-0.0944398492574692,-0.16998727619648),(0.0434658825397491,-0.0650513097643852,-0.188879743218422),(0.0221587121486664,-0.0331628583371639,-0.200513660907745),(0.0152631839737296,-0.0368485897779465,0.200513660907745),(0.0299398154020309,-0.0722811371088028,0.188879743218422),(0.0434658639132977,-0.104935929179192,0.16998727619648),(0.0553215853869915,-0.133558124303818,0.144562304019928),(0.0650512725114822,-0.157047718763351,0.113581873476505),(0.0722811445593834,-0.174502089619637,0.0782365575432777),(0.0767332091927528,-0.18525043129921,0.0398846492171288),(0.0782364532351494,-0.188879668712616,0.),(0.0767332091927528,-0.18525043129921,-0.0398846492171288),(0.0722811445593834,-0.174502089619637,-0.0782365575432777),(0.0650512725114822,-0.157047718763351,-0.113581873476505),(0.0553215853869915,-0.133558124303818,-0.144562304019928),(0.0434658639132977,-0.104935929179192,-0.16998727619648),(0.0299398154020309,-0.0722811371088028,-0.188879743218422),(0.0152631839737296,-0.0368485897779465,-0.200513660907745),(0.00778110278770328,-0.0391182526946068,0.200513660907745),(0.0152631793171167,-0.0767332389950752,0.188879743218422),(0.02215869538486,-0.111399374902248,0.16998727619648),(0.0282026994973421,-0.141784563660622,0.144562304019928),(0.0331628434360027,-0.166720971465111,0.113581873476505),(0.036848608404398,-0.18525043129921,0.0782365575432777),(0.0391182377934456,-0.196660786867142,0.0398846492171288),(0.0398845635354519,-0.200513571500778,0.),(0.0391182377934456,-0.196660786867142,-0.0398846492171288),(0.036848608404398,-0.18525043129921,-0.0782365575432777),(0.0331628434360027,-0.166720971465111,-0.113581873476505),(0.0282026994973421,-0.141784563660622,-0.144562304019928),(0.02215869538486,-0.111399374902248,-0.16998727619648),(0.0152631793171167,-0.0767332389950752,-0.188879743218422),(0.00778110278770328,-0.0391182526946068,-0.200513660907745),(-1.52321133484179E-09,-0.0398846231400967,0.200513660907745),(-1.06624788998033E-08,-0.0782365351915359,0.188879743218422),(-1.98017477970325E-08,-0.113581813871861,0.16998727619648),(-3.04642266968358E-09,-0.144562274217606,0.144562304019928),(-2.13249577996066E-08,-0.169987216591835,0.113581873476505),(6.09284533936716E-09,-0.188879698514938,0.0782365575432777),(-2.74178049153306E-08,-0.200513601303101,0.0398846492171288),(-6.70212969566819E-08,-0.204441830515862,0.),(-2.74178049153306E-08,-0.200513601303101,-0.0398846492171288),(6.09284533936716E-09,-0.188879698514938,-0.0782365575432777),(-2.13249577996066E-08,-0.169987216591835,-0.113581873476505),(-3.04642266968358E-09,-0.144562274217606,-0.144562304019928),(-1.98017477970325E-08,-0.113581813871861,-0.16998727619648),(-1.06624788998033E-08,-0.0782365351915359,-0.188879743218422),(-1.52321133484179E-09,-0.0398846231400967,-0.200513660907745),(-0.00778110511600971,-0.0391182489693165,0.200513660907745),(-0.015263200737536,-0.0767332389950752,0.188879743218422),(-0.022158732637763,-0.111399367451668,0.16998727619648),(-0.0282027032226324,-0.14178454875946,0.144562304019928),(-0.0331628806889057,-0.16672095656395,0.113581873476505),(-0.0368485935032368,-0.185250416398048,0.0782365575432777),(-0.0391182899475098,-0.196660786867142,0.0398846492171288),(-0.039884690195322,-0.200513511896133,0.),(-0.0391182899475098,-0.196660786867142,-0.0398846492171288),(-0.0368485935032368,-0.185250416398048,-0.0782365575432777),(-0.0331628806889057,-0.16672095656395,-0.113581873476505),(-0.0282027032226324,-0.14178454875946,-0.144562304019928),(-0.022158732637763,-0.111399367451668,-0.16998727619648),(-0.015263200737536,-0.0767332389950752,-0.188879743218422),(-0.00778110511600971,-0.0391182489693165,-0.200513660907745),(-0.0152631839737296,-0.0368485860526562,0.200513660907745),(-0.0299398340284824,-0.0722811296582222,0.188879743218422),(-0.0434658974409103,-0.104935891926289,0.16998727619648),(-0.0553215853869915,-0.133558124303818,0.144562304019928),(-0.0650513097643852,-0.157047688961029,0.113581873476505),(-0.072281114757061,-0.174502074718475,0.0782365575432777),(-0.076733261346817,-0.185250386595726,0.0398846492171288),(-0.0782365649938583,-0.188879579305649,0.),(-0.076733261346817,-0.185250386595726,-0.0398846492171288),(-0.072281114757061,-0.174502074718475,-0.0782365575432777),(-0.0650513097643852,-0.157047688961029,-0.113581873476505),(-0.0553215853869915,-0.133558124303818,-0.144562304019928),(-0.0434658974409103,-0.104935891926289,-0.16998727619648),(-0.0299398340284824,-0.0722811296582222,-0.188879743218422),(-0.0152631839737296,-0.0368485860526562,-0.200513660907745),(-0.0221587084233761,-0.033162847161293,0.200513660907745),(-0.0434658974409103,-0.065051294863224,0.188879743218422),(-0.0631026849150658,-0.094439797103405,0.16998727619648),(-0.0803144946694374,-0.120199128985405,0.144562304019928),(-0.0944398492574692,-0.141339182853699,0.113581873476505),(-0.10493591427803,-0.157047718763351,0.0782365575432777),(-0.111399412155151,-0.166720941662788,0.0398846492171288),(-0.113581851124763,-0.169987112283707,0.),(-0.111399412155151,-0.166720941662788,-0.0398846492171288),(-0.10493591427803,-0.157047718763351,-0.0782365575432777),(-0.0944398492574692,-0.141339182853699,-0.113581873476505),(-0.0803144946694374,-0.120199128985405,-0.144562304019928),(-0.0631026849150658,-0.094439797103405,-0.16998727619648),(-0.0434658974409103,-0.065051294863224,-0.188879743218422),(-0.0221587084233761,-0.033162847161293,-0.200513660907745),(-0.0282026845961809,-0.0282026808708906,0.200513660907745),(-0.0553215853869915,-0.0553215742111206,0.188879743218422),(-0.0803144723176956,-0.0803144350647926,0.16998727619648),(-0.102220967411995,-0.102220959961414,0.144562304019928),(-0.120199114084244,-0.120199076831341,0.113581873476505),(-0.133558094501495,-0.133558109402657,0.0782365575432777),(-0.14178454875946,-0.141784489154816,0.0398846492171288),(-0.144562229514122,-0.144562125205994,0.),(-0.14178454875946,-0.141784489154816,-0.0398846492171288),(-0.133558094501495,-0.133558109402657,-0.0782365575432777),(-0.120199114084244,-0.120199076831341,-0.113581873476505),(-0.102220967411995,-0.102220959961414,-0.144562304019928),(-0.0803144723176956,-0.0803144350647926,-0.16998727619648),(-0.0553215853869915,-0.0553215742111206,-0.188879743218422),(-0.0282026845961809,-0.0282026808708906,-0.200513660907745),(0.,0.,-0.204441964626312),(-0.033162847161293,-0.0221587028354406,0.200513660907745),(-0.0650513023138046,-0.0434658788144588,0.188879743218422),(-0.0944398194551468,-0.0631026402115822,0.16998727619648),(-0.120199128985405,-0.0803144872188568,0.144562304019928),(-0.141339212656021,-0.0944398045539856,0.113581873476505),(-0.15704770386219,-0.104935929179192,0.0782365575432777),(-0.166720971465111,-0.111399345099926,0.0398846492171288),(-0.169987186789513,-0.113581702113152,0.),(-0.166720971465111,-0.111399345099926,-0.0398846492171288),(-0.15704770386219,-0.104935929179192,-0.0782365575432777),(-0.141339212656021,-0.0944398045539856,-0.113581873476505),(-0.120199128985405,-0.0803144872188568,-0.144562304019928),(-0.0944398194551468,-0.0631026402115822,-0.16998727619648),(-0.0650513023138046,-0.0434658788144588,-0.188879743218422),(-0.033162847161293,-0.0221587028354406,-0.200513660907745),(-0.0368485823273659,-0.0152631774544716,0.200513660907745),(-0.0722811222076416,-0.0299398116767406,0.188879743218422),(-0.104935891926289,-0.0434658415615559,0.16998727619648),(-0.133558124303818,-0.0553215779364109,0.144562304019928),(-0.157047688961029,-0.0650512501597404,0.113581873476505),(-0.174502059817314,-0.0722811222076416,0.0782365575432777),(-0.185250416398048,-0.0767331793904305,0.0398846492171288),(-0.188879609107971,-0.0782364010810852,0.),(-0.185250416398048,-0.0767331793904305,-0.0398846492171288),(-0.174502059817314,-0.0722811222076416,-0.0782365575432777),(-0.157047688961029,-0.0650512501597404,-0.113581873476505),(-0.133558124303818,-0.0553215779364109,-0.144562304019928),(-0.104935891926289,-0.0434658415615559,-0.16998727619648),(-0.0722811222076416,-0.0299398116767406,-0.188879743218422),(-0.0368485823273659,-0.0152631774544716,-0.200513660907745),(-0.0391182415187359,-0.0077810981310904,0.200513660907745),(-0.076733224093914,-0.0152631774544716,0.188879743218422),(-0.111399345099926,-0.0221586786210537,0.16998727619648),(-0.14178454875946,-0.0282026939094067,0.144562304019928),(-0.166720941662788,-0.0331628248095512,0.113581873476505),(-0.185250401496887,-0.0368485972285271,0.0782365575432777),(-0.196660786867142,-0.0391182079911232,0.0398846492171288),(-0.200513496994972,-0.0398845225572586,0.),(-0.196660786867142,-0.0391182079911232,-0.0398846492171288),(-0.185250401496887,-0.0368485972285271,-0.0782365575432777),(-0.166720941662788,-0.0331628248095512,-0.113581873476505),(-0.14178454875946,-0.0282026939094067,-0.144562304019928),(-0.111399345099926,-0.0221586786210537,-0.16998727619648),(-0.076733224093914,-0.0152631774544716,-0.188879743218422),(-0.0391182415187359,-0.0077810981310904,-0.200513660907745),(-0.0398846119642258,3.80802855914908E-09,0.200513660907745),(-0.0782365128397942,1.06624788998033E-08,0.188879743218422),(-0.113581776618958,3.04642284731926E-08,0.16998727619648),(-0.144562259316444,6.09284533936716E-09,0.144562304019928),(-0.169987186789513,3.3510648478341E-08,0.113581873476505),(-0.188879668712616,3.04642266968358E-09,0.0782365575432777),(-0.200513571500778,5.48356098306613E-08,0.0398846492171288),(-0.204441770911217,9.13926783141505E-08,0.),(-0.200513571500778,5.48356098306613E-08,-0.0398846492171288),(-0.188879668712616,3.04642266968358E-09,-0.0782365575432777),(-0.169987186789513,3.3510648478341E-08,-0.113581873476505),(-0.144562259316444,6.09284533936716E-09,-0.144562304019928),(-0.113581776618958,3.04642284731926E-08,-0.16998727619648),(-0.0782365128397942,1.06624788998033E-08,-0.188879743218422),(-0.0398846119642258,3.80802855914908E-09,-0.200513660907745),(-0.0391182377934456,0.007781105581671,0.200513660907745),(-0.076733224093914,0.0152631979435682,0.188879743218422),(-0.111399330198765,0.0221587363630533,0.16998727619648),(-0.141784533858299,0.0282027050852776,0.144562304019928),(-0.166720911860466,0.0331628918647766,0.113581873476505),(-0.185250386595726,0.0368486009538174,0.0782365575432777),(-0.196660742163658,0.0391183122992516,0.0398846492171288),(-0.200513452291489,0.0398847013711929,0.),(-0.196660742163658,0.0391183122992516,-0.0398846492171288),(-0.185250386595726,0.0368486009538174,-0.0782365575432777),(-0.166720911860466,0.0331628918647766,-0.113581873476505),(-0.141784533858299,0.0282027050852776,-0.144562304019928),(-0.111399330198765,0.0221587363630533,-0.16998727619648),(-0.076733224093914,0.0152631979435682,-0.188879743218422),(-0.0391182377934456,0.007781105581671,-0.200513660907745),(-0.0368485748767853,0.0152631839737296,0.200513660907745),(-0.072281114757061,0.029939828440547,0.188879743218422),(-0.104935854673386,0.04346589371562,0.16998727619648),(-0.133558109402657,0.0553215853869915,0.144562304019928),(-0.157047659158707,0.0650513097643852,0.113581873476505),(-0.174502044916153,0.072281114757061,0.0782365575432777),(-0.185250356793404,0.0767332687973976,0.0398846492171288),(-0.188879519701004,0.0782365649938583,0.),(-0.185250356793404,0.0767332687973976,-0.0398846492171288),(-0.174502044916153,0.072281114757061,-0.0782365575432777),(-0.157047659158707,0.0650513097643852,-0.113581873476505),(-0.133558109402657,0.0553215853869915,-0.144562304019928),(-0.104935854673386,0.04346589371562,-0.16998727619648),(-0.072281114757061,0.029939828440547,-0.188879743218422),(-0.0368485748767853,0.0152631839737296,-0.200513660907745),(-0.0331628397107124,0.0221587065607309,0.200513660907745),(-0.0650512725114822,0.0434658862650394,0.188879743218422),(-0.094439759850502,0.0631026774644852,0.16998727619648),(-0.120199114084244,0.0803144946694374,0.144562304019928),(-0.141339138150215,0.0944398492574692,0.113581873476505),(-0.157047688961029,0.10493591427803,0.0782365575432777),(-0.166720896959305,0.111399412155151,0.0398846492171288),(-0.169987052679062,0.113581836223602,0.),(-0.166720896959305,0.111399412155151,-0.0398846492171288),(-0.157047688961029,0.10493591427803,-0.0782365575432777),(-0.141339138150215,0.0944398492574692,-0.113581873476505),(-0.120199114084244,0.0803144946694374,-0.144562304019928),(-0.094439759850502,0.0631026774644852,-0.16998727619648),(-0.0650512725114822,0.0434658862650394,-0.188879743218422),(-0.0331628397107124,0.0221587065607309,-0.200513660907745),(-0.0282026752829552,0.0282026808708906,0.200513660907745),(-0.0553215630352497,0.0553215742111206,0.188879743218422),(-0.0803143978118896,0.080314464867115,0.16998727619648),(-0.102220945060253,0.102220959961414,0.144562304019928),(-0.120199047029018,0.120199106633663,0.113581873476505),(-0.133558079600334,0.133558079600334,0.0782365575432777),(-0.141784459352493,0.141784533858299,0.0398846492171288),(-0.14456208050251,0.144562214612961,0.),(-0.141784459352493,0.141784533858299,-0.0398846492171288),(-0.133558079600334,0.133558079600334,-0.0782365575432777),(-0.120199047029018,0.120199106633663,-0.113581873476505),(-0.102220945060253,0.102220959961414,-0.144562304019928),(-0.0803143978118896,0.080314464867115,-0.16998727619648),(-0.0553215630352497,0.0553215742111206,-0.188879743218422),(-0.0282026752829552,0.0282026808708906,-0.200513660907745),(-0.0221586972475052,0.0331628434360027,0.200513660907745),(-0.043465867638588,0.0650512874126434,0.188879743218422),(-0.0631026029586792,0.0944398045539856,0.16998727619648),(-0.0803144723176956,0.120199128985405,0.144562304019928),(-0.0944397747516632,0.141339182853699,0.113581873476505),(-0.10493590682745,0.157047688961029,0.0782365575432777),(-0.111399315297604,0.16672095656395,0.0398846492171288),(-0.113581664860249,0.169987142086029,0.),(-0.111399315297604,0.16672095656395,-0.0398846492171288),(-0.10493590682745,0.157047688961029,-0.0782365575432777),(-0.0944397747516632,0.141339182853699,-0.113581873476505),(-0.0803144723176956,0.120199128985405,-0.144562304019928),(-0.0631026029586792,0.0944398045539856,-0.16998727619648),(-0.043465867638588,0.0650512874126434,-0.188879743218422),(-0.0221586972475052,0.0331628434360027,-0.200513660907745),(-0.0152631746605039,0.036848571151495,0.200513660907745),(-0.0299398060888052,0.072281114757061,0.188879743218422),(-0.0434658117592335,0.104935869574547,0.16998727619648),(-0.05532156676054,0.133558124303818,0.144562304019928),(-0.0650512278079987,0.157047674059868,0.113581873476505),(-0.0722811073064804,0.174502044916153,0.0782365575432777),(-0.0767331570386887,0.185250386595726,0.0398846492171288),(-0.0782363712787628,0.188879564404488,0.),(-0.0767331570386887,0.185250386595726,-0.0398846492171288),(-0.0722811073064804,0.174502044916153,-0.0782365575432777),(-0.0650512278079987,0.157047674059868,-0.113581873476505),(-0.05532156676054,0.133558124303818,-0.144562304019928),(-0.0434658117592335,0.104935869574547,-0.16998727619648),(-0.0299398060888052,0.072281114757061,-0.188879743218422),(-0.0152631746605039,0.036848571151495,-0.200513660907745),(-0.00778109719976783,0.0391182340681553,0.200513660907745),(-0.0152631727978587,0.076733224093914,0.188879743218422),(-0.0221586544066668,0.111399307847023,0.16998727619648),(-0.0282026808708906,0.14178454875946,0.144562304019928),(-0.0331628024578094,0.166720896959305,0.113581873476505),(-0.0368485823273659,0.185250386595726,0.0782365575432777),(-0.0391181968152523,0.196660742163658,0.0398846492171288),(-0.0398845076560974,0.200513437390327,0.),(-0.0391181968152523,0.196660742163658,-0.0398846492171288),(-0.0368485823273659,0.185250386595726,-0.0782365575432777),(-0.0331628024578094,0.166720896959305,-0.113581873476505),(-0.0282026808708906,0.14178454875946,-0.144562304019928),(-0.0221586544066668,0.111399307847023,-0.16998727619648),(-0.0152631727978587,0.076733224093914,-0.188879743218422),(-0.00778109719976783,0.0391182340681553,-0.200513660907745),(3.04642266968358E-09,0.0398846045136452,0.200513660907745),(1.37089024576653E-08,0.0782365053892136,0.188879743218422),(1.82785360181015E-08,0.144562259316444,0.144562304019928),(1.21856906787343E-08,0.188879638910294,0.0782365575432777),(1.21856906787343E-08,0.188879638910294,-0.0782365575432777),(1.82785360181015E-08,0.144562259316444,-0.144562304019928),(4.41731273781443E-08,0.113581724464893,-0.16998727619648),(1.37089024576653E-08,0.0782365053892136,-0.188879743218422),(3.04642266968358E-09,0.0398846045136452,-0.200513660907745)));
#1269=IFCPOLYGONALFACESET(#1268,.T.,(#756,#757,#758,#759,#760,#761,#762,#763,#764,#765,#766,#767,#768,#769,#770,#771,#772,#773,#774,#775,#776,#777,#778,#779,#780,#781,#782,#783,#784,#785,#786,#787,#788,#789,#790,#791,#792,#793,#794,#795,#796,#797,#798,#799,#800,#801,#802,#803,#804,#805,#806,#807,#808,#809,#810,#811,#812,#813,#814,#815,#816,#817,#818,#819,#820,#821,#822,#823,#824,#825,#826,#827,#828,#829,#830,#831,#832,#833,#834,#835,#836,#837,#838,#839,#840,#841,#842,#843,#844,#845,#846,#847,#848,#849,#850,#851,#852,#853,#854,#855,#856,#857,#858,#859,#860,#861,#862,#863,#864,#865,#866,#867,#868,#869,#870,#871,#872,#873,#874,#875,#876,#877,#878,#879,#880,#881,#882,#883,#884,#885,#886,#887,#888,#889,#890,#891,#892,#893,#894,#895,#896,#897,#898,#899,#900,#901,#902,#903,#904,#905,#906,#907,#908,#909,#910,#911,#912,#913,#914,#915,#916,#917,#918,#919,#920,#921,#922,#923,#924,#925,#926,#927,#928,#929,#930,#931,#932,#933,#934,#935,#936,#937,#938,#939,#940,#941,#942,#943,#944,#945,#946,#947,#948,#949,#950,#951,#952,#953,#954,#955,#956,#957,#958,#959,#960,#961,#962,#963,#964,#965,#966,#967,#968,#969,#970,#971,#972,#973,#974,#975,#976,#977,#978,#979,#980,#981,#982,#983,#984,#985,#986,#987,#988,#989,#990,#991,#992,#993,#994,#995,#996,#997,#998,#999,#1000,#1001,#1002,#1003,#1004,#1005,#1006,#1007,#1008,#1009,#1010,#1011,#1012,#1013,#1014,#1015,#1016,#1017,#1018,#1019,#1020,#1021,#1022,#1023,#1024,#1025,#1026,#1027,#1028,#1029,#1030,#1031,#1032,#1033,#1034,#1035,#1036,#1037,#1038,#1039,#1040,#1041,#1042,#1043,#1044,#1045,#1046,#1047,#1048,#1049,#1050,#1051,#1052,#1053,#1054,#1055,#1056,#1057,#1058,#1059,#1060,#1061,#1062,#1063,#1064,#1065,#1066,#1067,#1068,#1069,#1070,#1071,#1072,#1073,#1074,#1075,#1076,#1077,#1078,#1079,#1080,#1081,#1082,#1083,#1084,#1085,#1086,#1087,#1088,#1089,#1090,#1091,#1092,#1093,#1094,#1095,#1096,#1097,#1098,#1099,#1100,#1101,#1102,#1103,#1104,#1105,#1106,#1107,#1108,#1109,#1110,#1111,#1112,#1113,#1114,#1115,#1116,#1117,#1118,#1119,#1120,#1121,#1122,#1123,#1124,#1125,#1126,#1127,#1128,#1129,#1130,#1131,#1132,#1133,#1134,#1135,#1136,#1137,#1138,#1139,#1140,#1141,#1142,#1143,#1144,#1145,#1146,#1147,#1148,#1149,#1150,#1151,#1152,#1153,#1154,#1155,#1156,#1157,#1158,#1159,#1160,#1161,#1162,#1163,#1164,#1165,#1166,#1167,#1168,#1169,#1170,#1171,#1172,#1173,#1174,#1175,#1176,#1177,#1178,#1179,#1180,#1181,#1182,#1183,#1184,#1185,#1186,#1187,#1188,#1189,#1190,#1191,#1192,#1193,#1194,#1195,#1196,#1197,#1198,#1199,#1200,#1201,#1202,#1203,#1204,#1205,#1206,#1207,#1208,#1209,#1210,#1211,#1212,#1213,#1214,#1215,#1216,#1217,#1218,#1219,#1220,#1221,#1222,#1223,#1224,#1225,#1226,#1227,#1228,#1229,#1230,#1231,#1232,#1233,#1234,#1235,#1236,#1237,#1238,#1239,#1240,#1241,#1242,#1243,#1244,#1245,#1246,#1247,#1248,#1249,#1250,#1251,#1252,#1253,#1254,#1255,#1256,#1257,#1258,#1259,#1260,#1261,#1262,#1263,#1264,#1265,#1266,#1267),$);
#1270=IFCSHAPEREPRESENTATION(#15,'Body','Tessellation',(#1269));
#1271=IFCCARTESIANPOINT((-0.204441770911217,-0.204441830515862,-0.204441964626312));
#1272=IFCBOUNDINGBOX(#1271,0.408883690834045,0.408883810043335,0.408883929252625);
#1273=IFCSHAPEREPRESENTATION(#17,'Box','BoundingBox',(#1272));
#1274=IFCPRODUCTDEFINITIONSHAPE($,$,(#1273,#1270));
#1275=IFCCARTESIANPOINT((0.717463791370392,0.394370347261429,1.10498905181885));
#1276=IFCDIRECTION((0.,0.,1.));
#1277=IFCDIRECTION((1.,0.,0.));
#1278=IFCAXIS2PLACEMENT3D(#1275,#1276,#1277);
#1279=IFCLOCALPLACEMENT(#65,#1278);
#1280=IFCCOLUMN('3maTr7LRr5Sv$YkfYDD56p',$,'Sphere',$,$,#1809,#1804,$,.COLUMN.);
#1286=IFCINDEXEDPOLYGONALFACE((4,3,13,14));
#1287=IFCINDEXEDPOLYGONALFACE((474,82,7));
#1288=IFCINDEXEDPOLYGONALFACE((308,482,21));
#1289=IFCINDEXEDPOLYGONALFACE((5,4,14,15));
#1290=IFCINDEXEDPOLYGONALFACE((475,474,7,8));
#1291=IFCINDEXEDPOLYGONALFACE((478,5,15,16));
#1292=IFCINDEXEDPOLYGONALFACE((1,475,8,9));
#1293=IFCINDEXEDPOLYGONALFACE((6,478,16,17));
#1294=IFCINDEXEDPOLYGONALFACE((476,1,9,10));
#1295=IFCINDEXEDPOLYGONALFACE((479,6,17,18));
#1296=IFCINDEXEDPOLYGONALFACE((2,476,10,11));
#1297=IFCINDEXEDPOLYGONALFACE((480,479,18,19));
#1298=IFCINDEXEDPOLYGONALFACE((477,2,11,12));
#1299=IFCINDEXEDPOLYGONALFACE((481,480,19,20));
#1300=IFCINDEXEDPOLYGONALFACE((3,477,12,13));
#1301=IFCINDEXEDPOLYGONALFACE((482,481,20,21));
#1302=IFCINDEXEDPOLYGONALFACE((13,12,27,28));
#1303=IFCINDEXEDPOLYGONALFACE((21,20,35,36));
#1304=IFCINDEXEDPOLYGONALFACE((14,13,28,29));
#1305=IFCINDEXEDPOLYGONALFACE((7,82,22));
#1306=IFCINDEXEDPOLYGONALFACE((308,21,36));
#1307=IFCINDEXEDPOLYGONALFACE((15,14,29,30));
#1308=IFCINDEXEDPOLYGONALFACE((8,7,22,23));
#1309=IFCINDEXEDPOLYGONALFACE((16,15,30,31));
#1310=IFCINDEXEDPOLYGONALFACE((9,8,23,24));
#1311=IFCINDEXEDPOLYGONALFACE((17,16,31,32));
#1312=IFCINDEXEDPOLYGONALFACE((10,9,24,25));
#1313=IFCINDEXEDPOLYGONALFACE((18,17,32,33));
#1314=IFCINDEXEDPOLYGONALFACE((11,10,25,26));
#1315=IFCINDEXEDPOLYGONALFACE((19,18,33,34));
#1316=IFCINDEXEDPOLYGONALFACE((12,11,26,27));
#1317=IFCINDEXEDPOLYGONALFACE((20,19,34,35));
#1318=IFCINDEXEDPOLYGONALFACE((32,31,46,47));
#1319=IFCINDEXEDPOLYGONALFACE((25,24,39,40));
#1320=IFCINDEXEDPOLYGONALFACE((33,32,47,48));
#1321=IFCINDEXEDPOLYGONALFACE((26,25,40,41));
#1322=IFCINDEXEDPOLYGONALFACE((34,33,48,49));
#1323=IFCINDEXEDPOLYGONALFACE((27,26,41,42));
#1324=IFCINDEXEDPOLYGONALFACE((35,34,49,50));
#1325=IFCINDEXEDPOLYGONALFACE((28,27,42,43));
#1326=IFCINDEXEDPOLYGONALFACE((36,35,50,51));
#1327=IFCINDEXEDPOLYGONALFACE((29,28,43,44));
#1328=IFCINDEXEDPOLYGONALFACE((22,82,37));
#1329=IFCINDEXEDPOLYGONALFACE((308,36,51));
#1330=IFCINDEXEDPOLYGONALFACE((30,29,44,45));
#1331=IFCINDEXEDPOLYGONALFACE((23,22,37,38));
#1332=IFCINDEXEDPOLYGONALFACE((31,30,45,46));
#1333=IFCINDEXEDPOLYGONALFACE((24,23,38,39));
#1334=IFCINDEXEDPOLYGONALFACE((51,50,65,66));
#1335=IFCINDEXEDPOLYGONALFACE((44,43,58,59));
#1336=IFCINDEXEDPOLYGONALFACE((37,82,52));
#1337=IFCINDEXEDPOLYGONALFACE((308,51,66));
#1338=IFCINDEXEDPOLYGONALFACE((45,44,59,60));
#1339=IFCINDEXEDPOLYGONALFACE((38,37,52,53));
#1340=IFCINDEXEDPOLYGONALFACE((46,45,60,61));
#1341=IFCINDEXEDPOLYGONALFACE((39,38,53,54));
#1342=IFCINDEXEDPOLYGONALFACE((47,46,61,62));
#1343=IFCINDEXEDPOLYGONALFACE((40,39,54,55));
#1344=IFCINDEXEDPOLYGONALFACE((48,47,62,63));
#1345=IFCINDEXEDPOLYGONALFACE((41,40,55,56));
#1346=IFCINDEXEDPOLYGONALFACE((49,48,63,64));
#1347=IFCINDEXEDPOLYGONALFACE((42,41,56,57));
#1348=IFCINDEXEDPOLYGONALFACE((50,49,64,65));
#1349=IFCINDEXEDPOLYGONALFACE((43,42,57,58));
#1350=IFCINDEXEDPOLYGONALFACE((55,54,69,70));
#1351=IFCINDEXEDPOLYGONALFACE((63,62,77,78));
#1352=IFCINDEXEDPOLYGONALFACE((56,55,70,71));
#1353=IFCINDEXEDPOLYGONALFACE((64,63,78,79));
#1354=IFCINDEXEDPOLYGONALFACE((57,56,71,72));
#1355=IFCINDEXEDPOLYGONALFACE((65,64,79,80));
#1356=IFCINDEXEDPOLYGONALFACE((58,57,72,73));
#1357=IFCINDEXEDPOLYGONALFACE((66,65,80,81));
#1358=IFCINDEXEDPOLYGONALFACE((59,58,73,74));
#1359=IFCINDEXEDPOLYGONALFACE((52,82,67));
#1360=IFCINDEXEDPOLYGONALFACE((308,66,81));
#1361=IFCINDEXEDPOLYGONALFACE((60,59,74,75));
#1362=IFCINDEXEDPOLYGONALFACE((53,52,67,68));
#1363=IFCINDEXEDPOLYGONALFACE((61,60,75,76));
#1364=IFCINDEXEDPOLYGONALFACE((54,53,68,69));
#1365=IFCINDEXEDPOLYGONALFACE((62,61,76,77));
#1366=IFCINDEXEDPOLYGONALFACE((74,73,89,90));
#1367=IFCINDEXEDPOLYGONALFACE((67,82,83));
#1368=IFCINDEXEDPOLYGONALFACE((308,81,97));
#1369=IFCINDEXEDPOLYGONALFACE((75,74,90,91));
#1370=IFCINDEXEDPOLYGONALFACE((68,67,83,84));
#1371=IFCINDEXEDPOLYGONALFACE((76,75,91,92));
#1372=IFCINDEXEDPOLYGONALFACE((69,68,84,85));
#1373=IFCINDEXEDPOLYGONALFACE((77,76,92,93));
#1374=IFCINDEXEDPOLYGONALFACE((70,69,85,86));
#1375=IFCINDEXEDPOLYGONALFACE((78,77,93,94));
#1376=IFCINDEXEDPOLYGONALFACE((71,70,86,87));
#1377=IFCINDEXEDPOLYGONALFACE((79,78,94,95));
#1378=IFCINDEXEDPOLYGONALFACE((72,71,87,88));
#1379=IFCINDEXEDPOLYGONALFACE((80,79,95,96));
#1380=IFCINDEXEDPOLYGONALFACE((73,72,88,89));
#1381=IFCINDEXEDPOLYGONALFACE((81,80,96,97));
#1382=IFCINDEXEDPOLYGONALFACE((94,93,108,109));
#1383=IFCINDEXEDPOLYGONALFACE((87,86,101,102));
#1384=IFCINDEXEDPOLYGONALFACE((95,94,109,110));
#1385=IFCINDEXEDPOLYGONALFACE((88,87,102,103));
#1386=IFCINDEXEDPOLYGONALFACE((96,95,110,111));
#1387=IFCINDEXEDPOLYGONALFACE((89,88,103,104));
#1388=IFCINDEXEDPOLYGONALFACE((97,96,111,112));
#1389=IFCINDEXEDPOLYGONALFACE((90,89,104,105));
#1390=IFCINDEXEDPOLYGONALFACE((83,82,98));
#1391=IFCINDEXEDPOLYGONALFACE((308,97,112));
#1392=IFCINDEXEDPOLYGONALFACE((91,90,105,106));
#1393=IFCINDEXEDPOLYGONALFACE((84,83,98,99));
#1394=IFCINDEXEDPOLYGONALFACE((92,91,106,107));
#1395=IFCINDEXEDPOLYGONALFACE((85,84,99,100));
#1396=IFCINDEXEDPOLYGONALFACE((93,92,107,108));
#1397=IFCINDEXEDPOLYGONALFACE((86,85,100,101));
#1398=IFCINDEXEDPOLYGONALFACE((308,112,127));
#1399=IFCINDEXEDPOLYGONALFACE((106,105,120,121));
#1400=IFCINDEXEDPOLYGONALFACE((99,98,113,114));
#1401=IFCINDEXEDPOLYGONALFACE((107,106,121,122));
#1402=IFCINDEXEDPOLYGONALFACE((100,99,114,115));
#1403=IFCINDEXEDPOLYGONALFACE((108,107,122,123));
#1404=IFCINDEXEDPOLYGONALFACE((101,100,115,116));
#1405=IFCINDEXEDPOLYGONALFACE((109,108,123,124));
#1406=IFCINDEXEDPOLYGONALFACE((102,101,116,117));
#1407=IFCINDEXEDPOLYGONALFACE((110,109,124,125));
#1408=IFCINDEXEDPOLYGONALFACE((103,102,117,118));
#1409=IFCINDEXEDPOLYGONALFACE((111,110,125,126));
#1410=IFCINDEXEDPOLYGONALFACE((104,103,118,119));
#1411=IFCINDEXEDPOLYGONALFACE((112,111,126,127));
#1412=IFCINDEXEDPOLYGONALFACE((105,104,119,120));
#1413=IFCINDEXEDPOLYGONALFACE((98,82,113));
#1414=IFCINDEXEDPOLYGONALFACE((125,124,139,140));
#1415=IFCINDEXEDPOLYGONALFACE((118,117,132,133));
#1416=IFCINDEXEDPOLYGONALFACE((126,125,140,141));
#1417=IFCINDEXEDPOLYGONALFACE((119,118,133,134));
#1418=IFCINDEXEDPOLYGONALFACE((127,126,141,142));
#1419=IFCINDEXEDPOLYGONALFACE((120,119,134,135));
#1420=IFCINDEXEDPOLYGONALFACE((113,82,128));
#1421=IFCINDEXEDPOLYGONALFACE((308,127,142));
#1422=IFCINDEXEDPOLYGONALFACE((121,120,135,136));
#1423=IFCINDEXEDPOLYGONALFACE((114,113,128,129));
#1424=IFCINDEXEDPOLYGONALFACE((122,121,136,137));
#1425=IFCINDEXEDPOLYGONALFACE((115,114,129,130));
#1426=IFCINDEXEDPOLYGONALFACE((123,122,137,138));
#1427=IFCINDEXEDPOLYGONALFACE((116,115,130,131));
#1428=IFCINDEXEDPOLYGONALFACE((124,123,138,139));
#1429=IFCINDEXEDPOLYGONALFACE((117,116,131,132));
#1430=IFCINDEXEDPOLYGONALFACE((129,128,143,144));
#1431=IFCINDEXEDPOLYGONALFACE((137,136,151,152));
#1432=IFCINDEXEDPOLYGONALFACE((130,129,144,145));
#1433=IFCINDEXEDPOLYGONALFACE((138,137,152,153));
#1434=IFCINDEXEDPOLYGONALFACE((131,130,145,146));
#1435=IFCINDEXEDPOLYGONALFACE((139,138,153,154));
#1436=IFCINDEXEDPOLYGONALFACE((132,131,146,147));
#1437=IFCINDEXEDPOLYGONALFACE((140,139,154,155));
#1438=IFCINDEXEDPOLYGONALFACE((133,132,147,148));
#1439=IFCINDEXEDPOLYGONALFACE((141,140,155,156));
#1440=IFCINDEXEDPOLYGONALFACE((134,133,148,149));
#1441=IFCINDEXEDPOLYGONALFACE((142,141,156,157));
#1442=IFCINDEXEDPOLYGONALFACE((135,134,149,150));
#1443=IFCINDEXEDPOLYGONALFACE((128,82,143));
#1444=IFCINDEXEDPOLYGONALFACE((308,142,157));
#1445=IFCINDEXEDPOLYGONALFACE((136,135,150,151));
#1446=IFCINDEXEDPOLYGONALFACE((148,147,162,163));
#1447=IFCINDEXEDPOLYGONALFACE((156,155,170,171));
#1448=IFCINDEXEDPOLYGONALFACE((149,148,163,164));
#1449=IFCINDEXEDPOLYGONALFACE((157,156,171,172));
#1450=IFCINDEXEDPOLYGONALFACE((150,149,164,165));
#1451=IFCINDEXEDPOLYGONALFACE((143,82,158));
#1452=IFCINDEXEDPOLYGONALFACE((308,157,172));
#1453=IFCINDEXEDPOLYGONALFACE((151,150,165,166));
#1454=IFCINDEXEDPOLYGONALFACE((144,143,158,159));
#1455=IFCINDEXEDPOLYGONALFACE((152,151,166,167));
#1456=IFCINDEXEDPOLYGONALFACE((145,144,159,160));
#1457=IFCINDEXEDPOLYGONALFACE((153,152,167,168));
#1458=IFCINDEXEDPOLYGONALFACE((146,145,160,161));
#1459=IFCINDEXEDPOLYGONALFACE((154,153,168,169));
#1460=IFCINDEXEDPOLYGONALFACE((147,146,161,162));
#1461=IFCINDEXEDPOLYGONALFACE((155,154,169,170));
#1462=IFCINDEXEDPOLYGONALFACE((167,166,181,182));
#1463=IFCINDEXEDPOLYGONALFACE((160,159,174,175));
#1464=IFCINDEXEDPOLYGONALFACE((168,167,182,183));
#1465=IFCINDEXEDPOLYGONALFACE((161,160,175,176));
#1466=IFCINDEXEDPOLYGONALFACE((169,168,183,184));
#1467=IFCINDEXEDPOLYGONALFACE((162,161,176,177));
#1468=IFCINDEXEDPOLYGONALFACE((170,169,184,185));
#1469=IFCINDEXEDPOLYGONALFACE((163,162,177,178));
#1470=IFCINDEXEDPOLYGONALFACE((171,170,185,186));
#1471=IFCINDEXEDPOLYGONALFACE((164,163,178,179));
#1472=IFCINDEXEDPOLYGONALFACE((172,171,186,187));
#1473=IFCINDEXEDPOLYGONALFACE((165,164,179,180));
#1474=IFCINDEXEDPOLYGONALFACE((158,82,173));
#1475=IFCINDEXEDPOLYGONALFACE((308,172,187));
#1476=IFCINDEXEDPOLYGONALFACE((166,165,180,181));
#1477=IFCINDEXEDPOLYGONALFACE((159,158,173,174));
#1478=IFCINDEXEDPOLYGONALFACE((186,185,200,201));
#1479=IFCINDEXEDPOLYGONALFACE((179,178,193,194));
#1480=IFCINDEXEDPOLYGONALFACE((187,186,201,202));
#1481=IFCINDEXEDPOLYGONALFACE((180,179,194,195));
#1482=IFCINDEXEDPOLYGONALFACE((173,82,188));
#1483=IFCINDEXEDPOLYGONALFACE((308,187,202));
#1484=IFCINDEXEDPOLYGONALFACE((181,180,195,196));
#1485=IFCINDEXEDPOLYGONALFACE((174,173,188,189));
#1486=IFCINDEXEDPOLYGONALFACE((182,181,196,197));
#1487=IFCINDEXEDPOLYGONALFACE((175,174,189,190));
#1488=IFCINDEXEDPOLYGONALFACE((183,182,197,198));
#1489=IFCINDEXEDPOLYGONALFACE((176,175,190,191));
#1490=IFCINDEXEDPOLYGONALFACE((184,183,198,199));
#1491=IFCINDEXEDPOLYGONALFACE((177,176,191,192));
#1492=IFCINDEXEDPOLYGONALFACE((185,184,199,200));
#1493=IFCINDEXEDPOLYGONALFACE((178,177,192,193));
#1494=IFCINDEXEDPOLYGONALFACE((190,189,204,205));
#1495=IFCINDEXEDPOLYGONALFACE((198,197,212,213));
#1496=IFCINDEXEDPOLYGONALFACE((191,190,205,206));
#1497=IFCINDEXEDPOLYGONALFACE((199,198,213,214));
#1498=IFCINDEXEDPOLYGONALFACE((192,191,206,207));
#1499=IFCINDEXEDPOLYGONALFACE((200,199,214,215));
#1500=IFCINDEXEDPOLYGONALFACE((193,192,207,208));
#1501=IFCINDEXEDPOLYGONALFACE((201,200,215,216));
#1502=IFCINDEXEDPOLYGONALFACE((194,193,208,209));
#1503=IFCINDEXEDPOLYGONALFACE((202,201,216,217));
#1504=IFCINDEXEDPOLYGONALFACE((195,194,209,210));
#1505=IFCINDEXEDPOLYGONALFACE((188,82,203));
#1506=IFCINDEXEDPOLYGONALFACE((308,202,217));
#1507=IFCINDEXEDPOLYGONALFACE((196,195,210,211));
#1508=IFCINDEXEDPOLYGONALFACE((189,188,203,204));
#1509=IFCINDEXEDPOLYGONALFACE((197,196,211,212));
#1510=IFCINDEXEDPOLYGONALFACE((209,208,223,224));
#1511=IFCINDEXEDPOLYGONALFACE((217,216,231,232));
#1512=IFCINDEXEDPOLYGONALFACE((210,209,224,225));
#1513=IFCINDEXEDPOLYGONALFACE((203,82,218));
#1514=IFCINDEXEDPOLYGONALFACE((308,217,232));
#1515=IFCINDEXEDPOLYGONALFACE((211,210,225,226));
#1516=IFCINDEXEDPOLYGONALFACE((204,203,218,219));
#1517=IFCINDEXEDPOLYGONALFACE((212,211,226,227));
#1518=IFCINDEXEDPOLYGONALFACE((205,204,219,220));
#1519=IFCINDEXEDPOLYGONALFACE((213,212,227,228));
#1520=IFCINDEXEDPOLYGONALFACE((206,205,220,221));
#1521=IFCINDEXEDPOLYGONALFACE((214,213,228,229));
#1522=IFCINDEXEDPOLYGONALFACE((207,206,221,222));
#1523=IFCINDEXEDPOLYGONALFACE((215,214,229,230));
#1524=IFCINDEXEDPOLYGONALFACE((208,207,222,223));
#1525=IFCINDEXEDPOLYGONALFACE((216,215,230,231));
#1526=IFCINDEXEDPOLYGONALFACE((228,227,242,243));
#1527=IFCINDEXEDPOLYGONALFACE((221,220,235,236));
#1528=IFCINDEXEDPOLYGONALFACE((229,228,243,244));
#1529=IFCINDEXEDPOLYGONALFACE((222,221,236,237));
#1530=IFCINDEXEDPOLYGONALFACE((230,229,244,245));
#1531=IFCINDEXEDPOLYGONALFACE((223,222,237,238));
#1532=IFCINDEXEDPOLYGONALFACE((231,230,245,246));
#1533=IFCINDEXEDPOLYGONALFACE((224,223,238,239));
#1534=IFCINDEXEDPOLYGONALFACE((232,231,246,247));
#1535=IFCINDEXEDPOLYGONALFACE((225,224,239,240));
#1536=IFCINDEXEDPOLYGONALFACE((218,82,233));
#1537=IFCINDEXEDPOLYGONALFACE((308,232,247));
#1538=IFCINDEXEDPOLYGONALFACE((226,225,240,241));
#1539=IFCINDEXEDPOLYGONALFACE((219,218,233,234));
#1540=IFCINDEXEDPOLYGONALFACE((227,226,241,242));
#1541=IFCINDEXEDPOLYGONALFACE((220,219,234,235));
#1542=IFCINDEXEDPOLYGONALFACE((247,246,261,262));
#1543=IFCINDEXEDPOLYGONALFACE((240,239,254,255));
#1544=IFCINDEXEDPOLYGONALFACE((233,82,248));
#1545=IFCINDEXEDPOLYGONALFACE((308,247,262));
#1546=IFCINDEXEDPOLYGONALFACE((241,240,255,256));
#1547=IFCINDEXEDPOLYGONALFACE((234,233,248,249));
#1548=IFCINDEXEDPOLYGONALFACE((242,241,256,257));
#1549=IFCINDEXEDPOLYGONALFACE((235,234,249,250));
#1550=IFCINDEXEDPOLYGONALFACE((243,242,257,258));
#1551=IFCINDEXEDPOLYGONALFACE((236,235,250,251));
#1552=IFCINDEXEDPOLYGONALFACE((244,243,258,259));
#1553=IFCINDEXEDPOLYGONALFACE((237,236,251,252));
#1554=IFCINDEXEDPOLYGONALFACE((245,244,259,260));
#1555=IFCINDEXEDPOLYGONALFACE((238,237,252,253));
#1556=IFCINDEXEDPOLYGONALFACE((246,245,260,261));
#1557=IFCINDEXEDPOLYGONALFACE((239,238,253,254));
#1558=IFCINDEXEDPOLYGONALFACE((259,258,273,274));
#1559=IFCINDEXEDPOLYGONALFACE((252,251,266,267));
#1560=IFCINDEXEDPOLYGONALFACE((260,259,274,275));
#1561=IFCINDEXEDPOLYGONALFACE((253,252,267,268));
#1562=IFCINDEXEDPOLYGONALFACE((261,260,275,276));
#1563=IFCINDEXEDPOLYGONALFACE((254,253,268,269));
#1564=IFCINDEXEDPOLYGONALFACE((262,261,276,277));
#1565=IFCINDEXEDPOLYGONALFACE((255,254,269,270));
#1566=IFCINDEXEDPOLYGONALFACE((248,82,263));
#1567=IFCINDEXEDPOLYGONALFACE((308,262,277));
#1568=IFCINDEXEDPOLYGONALFACE((256,255,270,271));
#1569=IFCINDEXEDPOLYGONALFACE((249,248,263,264));
#1570=IFCINDEXEDPOLYGONALFACE((257,256,271,272));
#1571=IFCINDEXEDPOLYGONALFACE((250,249,264,265));
#1572=IFCINDEXEDPOLYGONALFACE((258,257,272,273));
#1573=IFCINDEXEDPOLYGONALFACE((251,250,265,266));
#1574=IFCINDEXEDPOLYGONALFACE((263,82,278));
#1575=IFCINDEXEDPOLYGONALFACE((308,277,292));
#1576=IFCINDEXEDPOLYGONALFACE((271,270,285,286));
#1577=IFCINDEXEDPOLYGONALFACE((264,263,278,279));
#1578=IFCINDEXEDPOLYGONALFACE((272,271,286,287));
#1579=IFCINDEXEDPOLYGONALFACE((265,264,279,280));
#1580=IFCINDEXEDPOLYGONALFACE((273,272,287,288));
#1581=IFCINDEXEDPOLYGONALFACE((266,265,280,281));
#1582=IFCINDEXEDPOLYGONALFACE((274,273,288,289));
#1583=IFCINDEXEDPOLYGONALFACE((267,266,281,282));
#1584=IFCINDEXEDPOLYGONALFACE((275,274,289,290));
#1585=IFCINDEXEDPOLYGONALFACE((268,267,282,283));
#1586=IFCINDEXEDPOLYGONALFACE((276,275,290,291));
#1587=IFCINDEXEDPOLYGONALFACE((269,268,283,284));
#1588=IFCINDEXEDPOLYGONALFACE((277,276,291,292));
#1589=IFCINDEXEDPOLYGONALFACE((270,269,284,285));
#1590=IFCINDEXEDPOLYGONALFACE((282,281,296,297));
#1591=IFCINDEXEDPOLYGONALFACE((290,289,304,305));
#1592=IFCINDEXEDPOLYGONALFACE((283,282,297,298));
#1593=IFCINDEXEDPOLYGONALFACE((291,290,305,306));
#1594=IFCINDEXEDPOLYGONALFACE((284,283,298,299));
#1595=IFCINDEXEDPOLYGONALFACE((292,291,306,307));
#1596=IFCINDEXEDPOLYGONALFACE((285,284,299,300));
#1597=IFCINDEXEDPOLYGONALFACE((278,82,293));
#1598=IFCINDEXEDPOLYGONALFACE((308,292,307));
#1599=IFCINDEXEDPOLYGONALFACE((286,285,300,301));
#1600=IFCINDEXEDPOLYGONALFACE((279,278,293,294));
#1601=IFCINDEXEDPOLYGONALFACE((287,286,301,302));
#1602=IFCINDEXEDPOLYGONALFACE((280,279,294,295));
#1603=IFCINDEXEDPOLYGONALFACE((288,287,302,303));
#1604=IFCINDEXEDPOLYGONALFACE((281,280,295,296));
#1605=IFCINDEXEDPOLYGONALFACE((289,288,303,304));
#1606=IFCINDEXEDPOLYGONALFACE((301,300,316,317));
#1607=IFCINDEXEDPOLYGONALFACE((294,293,309,310));
#1608=IFCINDEXEDPOLYGONALFACE((302,301,317,318));
#1609=IFCINDEXEDPOLYGONALFACE((295,294,310,311));
#1610=IFCINDEXEDPOLYGONALFACE((303,302,318,319));
#1611=IFCINDEXEDPOLYGONALFACE((296,295,311,312));
#1612=IFCINDEXEDPOLYGONALFACE((304,303,319,320));
#1613=IFCINDEXEDPOLYGONALFACE((297,296,312,313));
#1614=IFCINDEXEDPOLYGONALFACE((305,304,320,321));
#1615=IFCINDEXEDPOLYGONALFACE((298,297,313,314));
#1616=IFCINDEXEDPOLYGONALFACE((306,305,321,322));
#1617=IFCINDEXEDPOLYGONALFACE((299,298,314,315));
#1618=IFCINDEXEDPOLYGONALFACE((307,306,322,323));
#1619=IFCINDEXEDPOLYGONALFACE((300,299,315,316));
#1620=IFCINDEXEDPOLYGONALFACE((293,82,309));
#1621=IFCINDEXEDPOLYGONALFACE((308,307,323));
#1622=IFCINDEXEDPOLYGONALFACE((321,320,335,336));
#1623=IFCINDEXEDPOLYGONALFACE((314,313,328,329));
#1624=IFCINDEXEDPOLYGONALFACE((322,321,336,337));
#1625=IFCINDEXEDPOLYGONALFACE((315,314,329,330));
#1626=IFCINDEXEDPOLYGONALFACE((323,322,337,338));
#1627=IFCINDEXEDPOLYGONALFACE((316,315,330,331));
#1628=IFCINDEXEDPOLYGONALFACE((309,82,324));
#1629=IFCINDEXEDPOLYGONALFACE((308,323,338));
#1630=IFCINDEXEDPOLYGONALFACE((317,316,331,332));
#1631=IFCINDEXEDPOLYGONALFACE((310,309,324,325));
#1632=IFCINDEXEDPOLYGONALFACE((318,317,332,333));
#1633=IFCINDEXEDPOLYGONALFACE((311,310,325,326));
#1634=IFCINDEXEDPOLYGONALFACE((319,318,333,334));
#1635=IFCINDEXEDPOLYGONALFACE((312,311,326,327));
#1636=IFCINDEXEDPOLYGONALFACE((320,319,334,335));
#1637=IFCINDEXEDPOLYGONALFACE((313,312,327,328));
#1638=IFCINDEXEDPOLYGONALFACE((325,324,339,340));
#1639=IFCINDEXEDPOLYGONALFACE((333,332,347,348));
#1640=IFCINDEXEDPOLYGONALFACE((326,325,340,341));
#1641=IFCINDEXEDPOLYGONALFACE((334,333,348,349));
#1642=IFCINDEXEDPOLYGONALFACE((327,326,341,342));
#1643=IFCINDEXEDPOLYGONALFACE((335,334,349,350));
#1644=IFCINDEXEDPOLYGONALFACE((328,327,342,343));
#1645=IFCINDEXEDPOLYGONALFACE((336,335,350,351));
#1646=IFCINDEXEDPOLYGONALFACE((329,328,343,344));
#1647=IFCINDEXEDPOLYGONALFACE((337,336,351,352));
#1648=IFCINDEXEDPOLYGONALFACE((330,329,344,345));
#1649=IFCINDEXEDPOLYGONALFACE((338,337,352,353));
#1650=IFCINDEXEDPOLYGONALFACE((331,330,345,346));
#1651=IFCINDEXEDPOLYGONALFACE((324,82,339));
#1652=IFCINDEXEDPOLYGONALFACE((308,338,353));
#1653=IFCINDEXEDPOLYGONALFACE((332,331,346,347));
#1654=IFCINDEXEDPOLYGONALFACE((344,343,358,359));
#1655=IFCINDEXEDPOLYGONALFACE((352,351,366,367));
#1656=IFCINDEXEDPOLYGONALFACE((345,344,359,360));
#1657=IFCINDEXEDPOLYGONALFACE((353,352,367,368));
#1658=IFCINDEXEDPOLYGONALFACE((346,345,360,361));
#1659=IFCINDEXEDPOLYGONALFACE((339,82,354));
#1660=IFCINDEXEDPOLYGONALFACE((308,353,368));
#1661=IFCINDEXEDPOLYGONALFACE((347,346,361,362));
#1662=IFCINDEXEDPOLYGONALFACE((340,339,354,355));
#1663=IFCINDEXEDPOLYGONALFACE((348,347,362,363));
#1664=IFCINDEXEDPOLYGONALFACE((341,340,355,356));
#1665=IFCINDEXEDPOLYGONALFACE((349,348,363,364));
#1666=IFCINDEXEDPOLYGONALFACE((342,341,356,357));
#1667=IFCINDEXEDPOLYGONALFACE((350,349,364,365));
#1668=IFCINDEXEDPOLYGONALFACE((343,342,357,358));
#1669=IFCINDEXEDPOLYGONALFACE((351,350,365,366));
#1670=IFCINDEXEDPOLYGONALFACE((363,362,377,378));
#1671=IFCINDEXEDPOLYGONALFACE((356,355,370,371));
#1672=IFCINDEXEDPOLYGONALFACE((364,363,378,379));
#1673=IFCINDEXEDPOLYGONALFACE((357,356,371,372));
#1674=IFCINDEXEDPOLYGONALFACE((365,364,379,380));
#1675=IFCINDEXEDPOLYGONALFACE((358,357,372,373));
#1676=IFCINDEXEDPOLYGONALFACE((366,365,380,381));
#1677=IFCINDEXEDPOLYGONALFACE((359,358,373,374));
#1678=IFCINDEXEDPOLYGONALFACE((367,366,381,382));
#1679=IFCINDEXEDPOLYGONALFACE((360,359,374,375));
#1680=IFCINDEXEDPOLYGONALFACE((368,367,382,383));
#1681=IFCINDEXEDPOLYGONALFACE((361,360,375,376));
#1682=IFCINDEXEDPOLYGONALFACE((354,82,369));
#1683=IFCINDEXEDPOLYGONALFACE((308,368,383));
#1684=IFCINDEXEDPOLYGONALFACE((362,361,376,377));
#1685=IFCINDEXEDPOLYGONALFACE((355,354,369,370));
#1686=IFCINDEXEDPOLYGONALFACE((382,381,396,397));
#1687=IFCINDEXEDPOLYGONALFACE((375,374,389,390));
#1688=IFCINDEXEDPOLYGONALFACE((383,382,397,398));
#1689=IFCINDEXEDPOLYGONALFACE((376,375,390,391));
#1690=IFCINDEXEDPOLYGONALFACE((369,82,384));
#1691=IFCINDEXEDPOLYGONALFACE((308,383,398));
#1692=IFCINDEXEDPOLYGONALFACE((377,376,391,392));
#1693=IFCINDEXEDPOLYGONALFACE((370,369,384,385));
#1694=IFCINDEXEDPOLYGONALFACE((378,377,392,393));
#1695=IFCINDEXEDPOLYGONALFACE((371,370,385,386));
#1696=IFCINDEXEDPOLYGONALFACE((379,378,393,394));
#1697=IFCINDEXEDPOLYGONALFACE((372,371,386,387));
#1698=IFCINDEXEDPOLYGONALFACE((380,379,394,395));
#1699=IFCINDEXEDPOLYGONALFACE((373,372,387,388));
#1700=IFCINDEXEDPOLYGONALFACE((381,380,395,396));
#1701=IFCINDEXEDPOLYGONALFACE((374,373,388,389));
#1702=IFCINDEXEDPOLYGONALFACE((394,393,408,409));
#1703=IFCINDEXEDPOLYGONALFACE((387,386,401,402));
#1704=IFCINDEXEDPOLYGONALFACE((395,394,409,410));
#1705=IFCINDEXEDPOLYGONALFACE((388,387,402,403));
#1706=IFCINDEXEDPOLYGONALFACE((396,395,410,411));
#1707=IFCINDEXEDPOLYGONALFACE((389,388,403,404));
#1708=IFCINDEXEDPOLYGONALFACE((397,396,411,412));
#1709=IFCINDEXEDPOLYGONALFACE((390,389,404,405));
#1710=IFCINDEXEDPOLYGONALFACE((398,397,412,413));
#1711=IFCINDEXEDPOLYGONALFACE((391,390,405,406));
#1712=IFCINDEXEDPOLYGONALFACE((384,82,399));
#1713=IFCINDEXEDPOLYGONALFACE((308,398,413));
#1714=IFCINDEXEDPOLYGONALFACE((392,391,406,407));
#1715=IFCINDEXEDPOLYGONALFACE((385,384,399,400));
#1716=IFCINDEXEDPOLYGONALFACE((393,392,407,408));
#1717=IFCINDEXEDPOLYGONALFACE((386,385,400,401));
#1718=IFCINDEXEDPOLYGONALFACE((413,412,427,428));
#1719=IFCINDEXEDPOLYGONALFACE((406,405,420,421));
#1720=IFCINDEXEDPOLYGONALFACE((399,82,414));
#1721=IFCINDEXEDPOLYGONALFACE((308,413,428));
#1722=IFCINDEXEDPOLYGONALFACE((407,406,421,422));
#1723=IFCINDEXEDPOLYGONALFACE((400,399,414,415));
#1724=IFCINDEXEDPOLYGONALFACE((408,407,422,423));
#1725=IFCINDEXEDPOLYGONALFACE((401,400,415,416));
#1726=IFCINDEXEDPOLYGONALFACE((409,408,423,424));
#1727=IFCINDEXEDPOLYGONALFACE((402,401,416,417));
#1728=IFCINDEXEDPOLYGONALFACE((410,409,424,425));
#1729=IFCINDEXEDPOLYGONALFACE((403,402,417,418));
#1730=IFCINDEXEDPOLYGONALFACE((411,410,425,426));
#1731=IFCINDEXEDPOLYGONALFACE((404,403,418,419));
#1732=IFCINDEXEDPOLYGONALFACE((412,411,426,427));
#1733=IFCINDEXEDPOLYGONALFACE((405,404,419,420));
#1734=IFCINDEXEDPOLYGONALFACE((417,416,431,432));
#1735=IFCINDEXEDPOLYGONALFACE((425,424,439,440));
#1736=IFCINDEXEDPOLYGONALFACE((418,417,432,433));
#1737=IFCINDEXEDPOLYGONALFACE((426,425,440,441));
#1738=IFCINDEXEDPOLYGONALFACE((419,418,433,434));
#1739=IFCINDEXEDPOLYGONALFACE((427,426,441,442));
#1740=IFCINDEXEDPOLYGONALFACE((420,419,434,435));
#1741=IFCINDEXEDPOLYGONALFACE((428,427,442,443));
#1742=IFCINDEXEDPOLYGONALFACE((421,420,435,436));
#1743=IFCINDEXEDPOLYGONALFACE((414,82,429));
#1744=IFCINDEXEDPOLYGONALFACE((308,428,443));
#1745=IFCINDEXEDPOLYGONALFACE((422,421,436,437));
#1746=IFCINDEXEDPOLYGONALFACE((415,414,429,430));
#1747=IFCINDEXEDPOLYGONALFACE((423,422,437,438));
#1748=IFCINDEXEDPOLYGONALFACE((416,415,430,431));
#1749=IFCINDEXEDPOLYGONALFACE((424,423,438,439));
#1750=IFCINDEXEDPOLYGONALFACE((436,435,450,451));
#1751=IFCINDEXEDPOLYGONALFACE((429,82,444));
#1752=IFCINDEXEDPOLYGONALFACE((308,443,458));
#1753=IFCINDEXEDPOLYGONALFACE((437,436,451,452));
#1754=IFCINDEXEDPOLYGONALFACE((430,429,444,445));
#1755=IFCINDEXEDPOLYGONALFACE((438,437,452,453));
#1756=IFCINDEXEDPOLYGONALFACE((431,430,445,446));
#1757=IFCINDEXEDPOLYGONALFACE((439,438,453,454));
#1758=IFCINDEXEDPOLYGONALFACE((432,431,446,447));
#1759=IFCINDEXEDPOLYGONALFACE((440,439,454,455));
#1760=IFCINDEXEDPOLYGONALFACE((433,432,447,448));
#1761=IFCINDEXEDPOLYGONALFACE((441,440,455,456));
#1762=IFCINDEXEDPOLYGONALFACE((434,433,448,449));
#1763=IFCINDEXEDPOLYGONALFACE((442,441,456,457));
#1764=IFCINDEXEDPOLYGONALFACE((435,434,449,450));
#1765=IFCINDEXEDPOLYGONALFACE((443,442,457,458));
#1766=IFCINDEXEDPOLYGONALFACE((455,454,469,470));
#1767=IFCINDEXEDPOLYGONALFACE((448,447,462,463));
#1768=IFCINDEXEDPOLYGONALFACE((456,455,470,471));
#1769=IFCINDEXEDPOLYGONALFACE((449,448,463,464));
#1770=IFCINDEXEDPOLYGONALFACE((457,456,471,472));
#1771=IFCINDEXEDPOLYGONALFACE((450,449,464,465));
#1772=IFCINDEXEDPOLYGONALFACE((458,457,472,473));
#1773=IFCINDEXEDPOLYGONALFACE((451,450,465,466));
#1774=IFCINDEXEDPOLYGONALFACE((444,82,459));
#1775=IFCINDEXEDPOLYGONALFACE((308,458,473));
#1776=IFCINDEXEDPOLYGONALFACE((452,451,466,467));
#1777=IFCINDEXEDPOLYGONALFACE((445,444,459,460));
#1778=IFCINDEXEDPOLYGONALFACE((453,452,467,468));
#1779=IFCINDEXEDPOLYGONALFACE((446,445,460,461));
#1780=IFCINDEXEDPOLYGONALFACE((454,453,468,469));
#1781=IFCINDEXEDPOLYGONALFACE((447,446,461,462));
#1782=IFCINDEXEDPOLYGONALFACE((459,82,474));
#1783=IFCINDEXEDPOLYGONALFACE((308,473,482));
#1784=IFCINDEXEDPOLYGONALFACE((467,466,4,5));
#1785=IFCINDEXEDPOLYGONALFACE((460,459,474,475));
#1786=IFCINDEXEDPOLYGONALFACE((468,467,5,478));
#1787=IFCINDEXEDPOLYGONALFACE((461,460,475,1));
#1788=IFCINDEXEDPOLYGONALFACE((469,468,478,6));
#1789=IFCINDEXEDPOLYGONALFACE((462,461,1,476));
#1790=IFCINDEXEDPOLYGONALFACE((470,469,6,479));
#1791=IFCINDEXEDPOLYGONALFACE((463,462,476,2));
#1792=IFCINDEXEDPOLYGONALFACE((471,470,479,480));
#1793=IFCINDEXEDPOLYGONALFACE((464,463,2,477));
#1794=IFCINDEXEDPOLYGONALFACE((472,471,480,481));
#1795=IFCINDEXEDPOLYGONALFACE((465,464,477,3));
#1796=IFCINDEXEDPOLYGONALFACE((473,472,481,482));
#1797=IFCINDEXEDPOLYGONALFACE((466,465,3,4));
#1798=IFCCARTESIANPOINTLIST3D(((0.,0.113581873476505,0.16998727619648),(0.,0.16998727619648,0.113581873476505),(0.,0.200513660907745,0.0398846492171288),(0.,0.204441964626312,0.),(0.,0.200513660907745,-0.0398846492171288),(0.,0.16998727619648,-0.113581873476505),(0.00778110884130001,0.0391182750463486,0.200513660907745),(0.0152631960809231,0.076733261346817,0.188879743218422),(0.0221587251871824,0.111399427056313,0.16998727619648),(0.0282027050852776,0.141784563660622,0.144562304019928),(0.0331628732383251,0.166721016168594,0.113581873476505),(0.036848608404398,0.185250461101532,0.0782365575432777),(0.0391182750463486,0.196660846471786,0.0398846492171288),(0.0398846492171288,0.200513660907745,0.),(0.0391182750463486,0.196660846471786,-0.0398846492171288),(0.036848608404398,0.185250461101532,-0.0782365575432777),(0.0331628732383251,0.166721016168594,-0.113581873476505),(0.0282027050852776,0.141784563660622,-0.144562304019928),(0.0221587251871824,0.111399427056313,-0.16998727619648),(0.0152631960809231,0.076733261346817,-0.188879743218422),(0.00778110884130001,0.0391182750463486,-0.200513660907745),(0.0152631932869554,0.036848608404398,0.200513660907745),(0.0299398340284824,0.072281152009964,0.188879743218422),(0.0434659011662006,0.104935951530933,0.16998727619648),(0.0553215965628624,0.133558139204979,0.144562304019928),(0.0650513097643852,0.157047748565674,0.113581873476505),(0.0722811445593834,0.174502119421959,0.0782365575432777),(0.076733261346817,0.185250461101532,0.0398846492171288),(0.0782365500926971,0.188879728317261,0.),(0.076733261346817,0.185250461101532,-0.0398846492171288),(0.0722811445593834,0.174502119421959,-0.0782365575432777),(0.0650513097643852,0.157047748565674,-0.113581873476505),(0.0553215965628624,0.133558139204979,-0.144562304019928),(0.0434659011662006,0.104935951530933,-0.16998727619648),(0.0299398340284824,0.072281152009964,-0.188879743218422),(0.0152631932869554,0.036848608404398,-0.200513660907745),(0.0221587214618921,0.0331628695130348,0.200513660907745),(0.0434659011662006,0.0650513172149658,0.188879743218422),(0.063102699816227,0.0944398567080498,0.16998727619648),(0.0803145095705986,0.120199151337147,0.144562304019928),(0.0944398567080498,0.141339227557182,0.113581873476505),(0.104935951530933,0.157047748565674,0.0782365575432777),(0.111399427056313,0.166721016168594,0.0398846492171288),(0.113581873476505,0.169987246394157,0.),(0.111399427056313,0.166721016168594,-0.0398846492171288),(0.104935951530933,0.157047748565674,-0.0782365575432777),(0.0944398567080498,0.141339227557182,-0.113581873476505),(0.0803145095705986,0.120199151337147,-0.144562304019928),(0.063102699816227,0.0944398567080498,-0.16998727619648),(0.0434659011662006,0.0650513172149658,-0.188879743218422),(0.0221587214618921,0.0331628695130348,-0.200513660907745),(0.0282027032226324,0.0282026994973421,0.200513660907745),(0.0553215965628624,0.0553215928375721,0.188879743218422),(0.080314502120018,0.0803144946694374,0.16998727619648),(0.102220982313156,0.102220982313156,0.144562304019928),(0.120199143886566,0.120199128985405,0.113581873476505),(0.133558124303818,0.133558139204979,0.0782365575432777),(0.141784563660622,0.141784563660622,0.0398846492171288),(0.144562304019928,0.144562259316444,0.),(0.141784563660622,0.141784563660622,-0.0398846492171288),(0.133558124303818,0.133558139204979,-0.0782365575432777),(0.120199143886566,0.120199128985405,-0.113581873476505),(0.102220982313156,0.102220982313156,-0.144562304019928),(0.080314502120018,0.0803144946694374,-0.16998727619648),(0.0553215965628624,0.0553215928375721,-0.188879743218422),(0.0282027032226324,0.0282026994973421,-0.200513660907745),(0.0331628695130348,0.022158719599247,0.200513660907745),(0.0650513172149658,0.0434658974409103,0.188879743218422),(0.0944398641586304,0.0631026923656464,0.16998727619648),(0.120199151337147,0.0803145095705986,0.144562304019928),(0.141339242458344,0.0944398492574692,0.113581873476505),(0.157047748565674,0.104935966432095,0.0782365575432777),(0.166721016168594,0.111399404704571,0.0398846492171288),(0.169987261295319,0.113581821322441,0.),(0.166721016168594,0.111399404704571,-0.0398846492171288),(0.157047748565674,0.104935966432095,-0.0782365575432777),(0.141339242458344,0.0944398492574692,-0.113581873476505),(0.120199151337147,0.0803145095705986,-0.144562304019928),(0.0944398641586304,0.0631026923656464,-0.16998727619648),(0.0650513172149658,0.0434658974409103,-0.188879743218422),(0.0331628695130348,0.022158719599247,-0.200513660907745),(0.,0.,0.204441964626312),(0.0368486009538174,0.0152631895616651,0.200513660907745),(0.0722811445593834,0.029939828440547,0.188879743218422),(0.104935951530933,0.0434658862650394,0.16998727619648),(0.133558139204979,0.0553215965628624,0.144562304019928),(0.157047748565674,0.0650512874126434,0.113581873476505),(0.174502119421959,0.072281152009964,0.0782365575432777),(0.185250446200371,0.0767332315444946,0.0398846492171288),(0.1888797134161,0.0782365053892136,0.),(0.185250446200371,0.0767332315444946,-0.0398846492171288),(0.174502119421959,0.072281152009964,-0.0782365575432777),(0.157047748565674,0.0650512874126434,-0.113581873476505),(0.133558139204979,0.0553215965628624,-0.144562304019928),(0.104935951530933,0.0434658862650394,-0.16998727619648),(0.0722811445593834,0.029939828440547,-0.188879743218422),(0.0368486009538174,0.0152631895616651,-0.200513660907745),(0.039118267595768,0.00778110511600971,0.200513660907745),(0.0767332538962364,0.0152631895616651,0.188879743218422),(0.111399412155151,0.0221587121486664,0.16998727619648),(0.141784563660622,0.0282027088105679,0.144562304019928),(0.166720986366272,0.0331628508865833,0.113581873476505),(0.185250446200371,0.0368486195802689,0.0782365575432777),(0.196660831570625,0.0391182526946068,0.0398846492171288),(0.200513631105423,0.0398846082389355,0.),(0.196660831570625,0.0391182526946068,-0.0398846492171288),(0.185250446200371,0.0368486195802689,-0.0782365575432777),(0.166720986366272,0.0331628508865833,-0.113581873476505),(0.141784563660622,0.0282027088105679,-0.144562304019928),(0.111399412155151,0.0221587121486664,-0.16998727619648),(0.0767332538962364,0.0152631895616651,-0.188879743218422),(0.039118267595768,0.00778110511600971,-0.200513660907745),(0.0398846380412579,-2.28481700226268E-09,0.200513660907745),(0.0782365426421165,-4.56963400452537E-09,0.188879743218422),(0.113581851124763,-1.06624788998033E-08,0.16998727619648),(0.144562289118767,3.04642266968358E-09,0.144562304019928),(0.169987246394157,-1.82785360181015E-08,0.113581873476505),(0.188879728317261,9.13926800905074E-09,0.0782365575432777),(0.200513646006584,-1.82785360181015E-08,0.0398846492171288),(0.204441905021667,-3.3510648478341E-08,0.),(0.200513646006584,-1.82785360181015E-08,-0.0398846492171288),(0.188879728317261,9.13926800905074E-09,-0.0782365575432777),(0.169987246394157,-1.82785360181015E-08,-0.113581873476505),(0.144562289118767,3.04642266968358E-09,-0.144562304019928),(0.113581851124763,-1.06624788998033E-08,-0.16998727619648),(0.0782365426421165,-4.56963400452537E-09,-0.188879743218422),(0.0398846380412579,-2.28481700226268E-09,-0.200513660907745),(0.0391182638704777,-0.00778110884130001,0.200513660907745),(0.0767332538962364,-0.0152631979435682,0.188879743218422),(0.111399404704571,-0.0221587289124727,0.16998727619648),(0.141784563660622,-0.0282026994973421,0.144562304019928),(0.166720971465111,-0.033162884414196,0.113581873476505),(0.185250446200371,-0.0368486009538174,0.0782365575432777),(0.196660816669464,-0.0391182862222195,0.0398846492171288),(0.200513586401939,-0.0398846715688705,0.),(0.196660816669464,-0.0391182862222195,-0.0398846492171288),(0.185250446200371,-0.0368486009538174,-0.0782365575432777),(0.166720971465111,-0.033162884414196,-0.113581873476505),(0.141784563660622,-0.0282026994973421,-0.144562304019928),(0.111399404704571,-0.0221587289124727,-0.16998727619648),(0.0767332538962364,-0.0152631979435682,-0.188879743218422),(0.0391182638704777,-0.00778110884130001,-0.200513660907745),(0.0368485972285271,-0.0152631914243102,0.200513660907745),(0.0722811445593834,-0.0299398340284824,0.188879743218422),(0.104935929179192,-0.0434659011662006,0.16998727619648),(0.133558124303818,-0.0553215853869915,0.144562304019928),(0.157047718763351,-0.0650513172149658,0.113581873476505),(0.174502119421959,-0.0722811296582222,0.0782365575432777),(0.18525043129921,-0.076733261346817,0.0398846492171288),(0.188879653811455,-0.0782365575432777,0.),(0.18525043129921,-0.076733261346817,-0.0398846492171288),(0.174502119421959,-0.0722811296582222,-0.0782365575432777),(0.157047718763351,-0.0650513172149658,-0.113581873476505),(0.133558124303818,-0.0553215853869915,-0.144562304019928),(0.104935929179192,-0.0434659011662006,-0.16998727619648),(0.0722811445593834,-0.0299398340284824,-0.188879743218422),(0.0368485972285271,-0.0152631914243102,-0.200513660907745),(0.0331628583371639,-0.0221587158739567,0.200513660907745),(0.0650513023138046,-0.0434658974409103,0.188879743218422),(0.094439834356308,-0.063102699816227,0.16998727619648),(0.120199143886566,-0.0803144946694374,0.144562304019928),(0.141339212656021,-0.0944398567080498,0.113581873476505),(0.157047748565674,-0.104935944080353,0.0782365575432777),(0.166720971465111,-0.111399412155151,0.0398846492171288),(0.169987186789513,-0.113581858575344,0.),(0.166720971465111,-0.111399412155151,-0.0398846492171288),(0.157047748565674,-0.104935944080353,-0.0782365575432777),(0.141339212656021,-0.0944398567080498,-0.113581873476505),(0.120199143886566,-0.0803144946694374,-0.144562304019928),(0.094439834356308,-0.063102699816227,-0.16998727619648),(0.0650513023138046,-0.0434658974409103,-0.188879743218422),(0.0331628583371639,-0.0221587158739567,-0.200513660907745),(0.0282026901841164,-0.0282026939094067,0.200513660907745),(0.0553215779364109,-0.0553215928375721,0.188879743218422),(0.080314464867115,-0.0803144946694374,0.16998727619648),(0.102220967411995,-0.102220967411995,0.144562304019928),(0.120199106633663,-0.120199128985405,0.113581873476505),(0.133558124303818,-0.133558124303818,0.0782365575432777),(0.141784533858299,-0.141784563660622,0.0398846492171288),(0.144562184810638,-0.144562274217606,0.),(0.141784533858299,-0.141784563660622,-0.0398846492171288),(0.133558124303818,-0.133558124303818,-0.0782365575432777),(0.120199106633663,-0.120199128985405,-0.113581873476505),(0.102220967411995,-0.102220967411995,-0.144562304019928),(0.080314464867115,-0.0803144946694374,-0.16998727619648),(0.0553215779364109,-0.0553215928375721,-0.188879743218422),(0.0282026901841164,-0.0282026939094067,-0.200513660907745),(0.0221587121486664,-0.0331628583371639,0.200513660907745),(0.0434658825397491,-0.0650513097643852,0.188879743218422),(0.0631026700139046,-0.0944398492574692,0.16998727619648),(0.0803144946694374,-0.120199143886566,0.144562304019928),(0.0944398269057274,-0.141339212656021,0.113581873476505),(0.104935951530933,-0.157047733664513,0.0782365575432777),(0.111399374902248,-0.166720986366272,0.0398846492171288),(0.113581761717796,-0.169987231492996,0.),(0.111399374902248,-0.166720986366272,-0.0398846492171288),(0.104935951530933,-0.157047733664513,-0.0782365575432777),(0.0944398269057274,-0.141339212656021,-0.113581873476505),(0.0803144946694374,-0.120199143886566,-0.144562304019928),(0.0631026700139046,-0.0944398492574692,-0.16998727619648),(0.0434658825397491,-0.0650513097643852,-0.188879743218422),(0.0221587121486664,-0.0331628583371639,-0.200513660907745),(0.0152631839737296,-0.0368485897779465,0.200513660907745),(0.0299398154020309,-0.0722811371088028,0.188879743218422),(0.0434658639132977,-0.104935929179192,0.16998727619648),(0.0553215853869915,-0.133558124303818,0.144562304019928),(0.0650512725114822,-0.157047718763351,0.113581873476505),(0.0722811445593834,-0.174502089619637,0.0782365575432777),(0.0767332091927528,-0.18525043129921,0.0398846492171288),(0.0782364532351494,-0.188879668712616,0.),(0.0767332091927528,-0.18525043129921,-0.0398846492171288),(0.0722811445593834,-0.174502089619637,-0.0782365575432777),(0.0650512725114822,-0.157047718763351,-0.113581873476505),(0.0553215853869915,-0.133558124303818,-0.144562304019928),(0.0434658639132977,-0.104935929179192,-0.16998727619648),(0.0299398154020309,-0.0722811371088028,-0.188879743218422),(0.0152631839737296,-0.0368485897779465,-0.200513660907745),(0.00778110278770328,-0.0391182526946068,0.200513660907745),(0.0152631793171167,-0.0767332389950752,0.188879743218422),(0.02215869538486,-0.111399374902248,0.16998727619648),(0.0282026994973421,-0.141784563660622,0.144562304019928),(0.0331628434360027,-0.166720971465111,0.113581873476505),(0.036848608404398,-0.18525043129921,0.0782365575432777),(0.0391182377934456,-0.196660786867142,0.0398846492171288),(0.0398845635354519,-0.200513571500778,0.),(0.0391182377934456,-0.196660786867142,-0.0398846492171288),(0.036848608404398,-0.18525043129921,-0.0782365575432777),(0.0331628434360027,-0.166720971465111,-0.113581873476505),(0.0282026994973421,-0.141784563660622,-0.144562304019928),(0.02215869538486,-0.111399374902248,-0.16998727619648),(0.0152631793171167,-0.0767332389950752,-0.188879743218422),(0.00778110278770328,-0.0391182526946068,-0.200513660907745),(-1.52321133484179E-09,-0.0398846231400967,0.200513660907745),(-1.06624788998033E-08,-0.0782365351915359,0.188879743218422),(-1.98017477970325E-08,-0.113581813871861,0.16998727619648),(-3.04642266968358E-09,-0.144562274217606,0.144562304019928),(-2.13249577996066E-08,-0.169987216591835,0.113581873476505),(6.09284533936716E-09,-0.188879698514938,0.0782365575432777),(-2.74178049153306E-08,-0.200513601303101,0.0398846492171288),(-6.70212969566819E-08,-0.204441830515862,0.),(-2.74178049153306E-08,-0.200513601303101,-0.0398846492171288),(6.09284533936716E-09,-0.188879698514938,-0.0782365575432777),(-2.13249577996066E-08,-0.169987216591835,-0.113581873476505),(-3.04642266968358E-09,-0.144562274217606,-0.144562304019928),(-1.98017477970325E-08,-0.113581813871861,-0.16998727619648),(-1.06624788998033E-08,-0.0782365351915359,-0.188879743218422),(-1.52321133484179E-09,-0.0398846231400967,-0.200513660907745),(-0.00778110511600971,-0.0391182489693165,0.200513660907745),(-0.015263200737536,-0.0767332389950752,0.188879743218422),(-0.022158732637763,-0.111399367451668,0.16998727619648),(-0.0282027032226324,-0.14178454875946,0.144562304019928),(-0.0331628806889057,-0.16672095656395,0.113581873476505),(-0.0368485935032368,-0.185250416398048,0.0782365575432777),(-0.0391182899475098,-0.196660786867142,0.0398846492171288),(-0.039884690195322,-0.200513511896133,0.),(-0.0391182899475098,-0.196660786867142,-0.0398846492171288),(-0.0368485935032368,-0.185250416398048,-0.0782365575432777),(-0.0331628806889057,-0.16672095656395,-0.113581873476505),(-0.0282027032226324,-0.14178454875946,-0.144562304019928),(-0.022158732637763,-0.111399367451668,-0.16998727619648),(-0.015263200737536,-0.0767332389950752,-0.188879743218422),(-0.00778110511600971,-0.0391182489693165,-0.200513660907745),(-0.0152631839737296,-0.0368485860526562,0.200513660907745),(-0.0299398340284824,-0.0722811296582222,0.188879743218422),(-0.0434658974409103,-0.104935891926289,0.16998727619648),(-0.0553215853869915,-0.133558124303818,0.144562304019928),(-0.0650513097643852,-0.157047688961029,0.113581873476505),(-0.072281114757061,-0.174502074718475,0.0782365575432777),(-0.076733261346817,-0.185250386595726,0.0398846492171288),(-0.0782365649938583,-0.188879579305649,0.),(-0.076733261346817,-0.185250386595726,-0.0398846492171288),(-0.072281114757061,-0.174502074718475,-0.0782365575432777),(-0.0650513097643852,-0.157047688961029,-0.113581873476505),(-0.0553215853869915,-0.133558124303818,-0.144562304019928),(-0.0434658974409103,-0.104935891926289,-0.16998727619648),(-0.0299398340284824,-0.0722811296582222,-0.188879743218422),(-0.0152631839737296,-0.0368485860526562,-0.200513660907745),(-0.0221587084233761,-0.033162847161293,0.200513660907745),(-0.0434658974409103,-0.065051294863224,0.188879743218422),(-0.0631026849150658,-0.094439797103405,0.16998727619648),(-0.0803144946694374,-0.120199128985405,0.144562304019928),(-0.0944398492574692,-0.141339182853699,0.113581873476505),(-0.10493591427803,-0.157047718763351,0.0782365575432777),(-0.111399412155151,-0.166720941662788,0.0398846492171288),(-0.113581851124763,-0.169987112283707,0.),(-0.111399412155151,-0.166720941662788,-0.0398846492171288),(-0.10493591427803,-0.157047718763351,-0.0782365575432777),(-0.0944398492574692,-0.141339182853699,-0.113581873476505),(-0.0803144946694374,-0.120199128985405,-0.144562304019928),(-0.0631026849150658,-0.094439797103405,-0.16998727619648),(-0.0434658974409103,-0.065051294863224,-0.188879743218422),(-0.0221587084233761,-0.033162847161293,-0.200513660907745),(-0.0282026845961809,-0.0282026808708906,0.200513660907745),(-0.0553215853869915,-0.0553215742111206,0.188879743218422),(-0.0803144723176956,-0.0803144350647926,0.16998727619648),(-0.102220967411995,-0.102220959961414,0.144562304019928),(-0.120199114084244,-0.120199076831341,0.113581873476505),(-0.133558094501495,-0.133558109402657,0.0782365575432777),(-0.14178454875946,-0.141784489154816,0.0398846492171288),(-0.144562229514122,-0.144562125205994,0.),(-0.14178454875946,-0.141784489154816,-0.0398846492171288),(-0.133558094501495,-0.133558109402657,-0.0782365575432777),(-0.120199114084244,-0.120199076831341,-0.113581873476505),(-0.102220967411995,-0.102220959961414,-0.144562304019928),(-0.0803144723176956,-0.0803144350647926,-0.16998727619648),(-0.0553215853869915,-0.0553215742111206,-0.188879743218422),(-0.0282026845961809,-0.0282026808708906,-0.200513660907745),(0.,0.,-0.204441964626312),(-0.033162847161293,-0.0221587028354406,0.200513660907745),(-0.0650513023138046,-0.0434658788144588,0.188879743218422),(-0.0944398194551468,-0.0631026402115822,0.16998727619648),(-0.120199128985405,-0.0803144872188568,0.144562304019928),(-0.141339212656021,-0.0944398045539856,0.113581873476505),(-0.15704770386219,-0.104935929179192,0.0782365575432777),(-0.166720971465111,-0.111399345099926,0.0398846492171288),(-0.169987186789513,-0.113581702113152,0.),(-0.166720971465111,-0.111399345099926,-0.0398846492171288),(-0.15704770386219,-0.104935929179192,-0.0782365575432777),(-0.141339212656021,-0.0944398045539856,-0.113581873476505),(-0.120199128985405,-0.0803144872188568,-0.144562304019928),(-0.0944398194551468,-0.0631026402115822,-0.16998727619648),(-0.0650513023138046,-0.0434658788144588,-0.188879743218422),(-0.033162847161293,-0.0221587028354406,-0.200513660907745),(-0.0368485823273659,-0.0152631774544716,0.200513660907745),(-0.0722811222076416,-0.0299398116767406,0.188879743218422),(-0.104935891926289,-0.0434658415615559,0.16998727619648),(-0.133558124303818,-0.0553215779364109,0.144562304019928),(-0.157047688961029,-0.0650512501597404,0.113581873476505),(-0.174502059817314,-0.0722811222076416,0.0782365575432777),(-0.185250416398048,-0.0767331793904305,0.0398846492171288),(-0.188879609107971,-0.0782364010810852,0.),(-0.185250416398048,-0.0767331793904305,-0.0398846492171288),(-0.174502059817314,-0.0722811222076416,-0.0782365575432777),(-0.157047688961029,-0.0650512501597404,-0.113581873476505),(-0.133558124303818,-0.0553215779364109,-0.144562304019928),(-0.104935891926289,-0.0434658415615559,-0.16998727619648),(-0.0722811222076416,-0.0299398116767406,-0.188879743218422),(-0.0368485823273659,-0.0152631774544716,-0.200513660907745),(-0.0391182415187359,-0.0077810981310904,0.200513660907745),(-0.076733224093914,-0.0152631774544716,0.188879743218422),(-0.111399345099926,-0.0221586786210537,0.16998727619648),(-0.14178454875946,-0.0282026939094067,0.144562304019928),(-0.166720941662788,-0.0331628248095512,0.113581873476505),(-0.185250401496887,-0.0368485972285271,0.0782365575432777),(-0.196660786867142,-0.0391182079911232,0.0398846492171288),(-0.200513496994972,-0.0398845225572586,0.),(-0.196660786867142,-0.0391182079911232,-0.0398846492171288),(-0.185250401496887,-0.0368485972285271,-0.0782365575432777),(-0.166720941662788,-0.0331628248095512,-0.113581873476505),(-0.14178454875946,-0.0282026939094067,-0.144562304019928),(-0.111399345099926,-0.0221586786210537,-0.16998727619648),(-0.076733224093914,-0.0152631774544716,-0.188879743218422),(-0.0391182415187359,-0.0077810981310904,-0.200513660907745),(-0.0398846119642258,3.80802855914908E-09,0.200513660907745),(-0.0782365128397942,1.06624788998033E-08,0.188879743218422),(-0.113581776618958,3.04642284731926E-08,0.16998727619648),(-0.144562259316444,6.09284533936716E-09,0.144562304019928),(-0.169987186789513,3.3510648478341E-08,0.113581873476505),(-0.188879668712616,3.04642266968358E-09,0.0782365575432777),(-0.200513571500778,5.48356098306613E-08,0.0398846492171288),(-0.204441770911217,9.13926783141505E-08,0.),(-0.200513571500778,5.48356098306613E-08,-0.0398846492171288),(-0.188879668712616,3.04642266968358E-09,-0.0782365575432777),(-0.169987186789513,3.3510648478341E-08,-0.113581873476505),(-0.144562259316444,6.09284533936716E-09,-0.144562304019928),(-0.113581776618958,3.04642284731926E-08,-0.16998727619648),(-0.0782365128397942,1.06624788998033E-08,-0.188879743218422),(-0.0398846119642258,3.80802855914908E-09,-0.200513660907745),(-0.0391182377934456,0.007781105581671,0.200513660907745),(-0.076733224093914,0.0152631979435682,0.188879743218422),(-0.111399330198765,0.0221587363630533,0.16998727619648),(-0.141784533858299,0.0282027050852776,0.144562304019928),(-0.166720911860466,0.0331628918647766,0.113581873476505),(-0.185250386595726,0.0368486009538174,0.0782365575432777),(-0.196660742163658,0.0391183122992516,0.0398846492171288),(-0.200513452291489,0.0398847013711929,0.),(-0.196660742163658,0.0391183122992516,-0.0398846492171288),(-0.185250386595726,0.0368486009538174,-0.0782365575432777),(-0.166720911860466,0.0331628918647766,-0.113581873476505),(-0.141784533858299,0.0282027050852776,-0.144562304019928),(-0.111399330198765,0.0221587363630533,-0.16998727619648),(-0.076733224093914,0.0152631979435682,-0.188879743218422),(-0.0391182377934456,0.007781105581671,-0.200513660907745),(-0.0368485748767853,0.0152631839737296,0.200513660907745),(-0.072281114757061,0.029939828440547,0.188879743218422),(-0.104935854673386,0.04346589371562,0.16998727619648),(-0.133558109402657,0.0553215853869915,0.144562304019928),(-0.157047659158707,0.0650513097643852,0.113581873476505),(-0.174502044916153,0.072281114757061,0.0782365575432777),(-0.185250356793404,0.0767332687973976,0.0398846492171288),(-0.188879519701004,0.0782365649938583,0.),(-0.185250356793404,0.0767332687973976,-0.0398846492171288),(-0.174502044916153,0.072281114757061,-0.0782365575432777),(-0.157047659158707,0.0650513097643852,-0.113581873476505),(-0.133558109402657,0.0553215853869915,-0.144562304019928),(-0.104935854673386,0.04346589371562,-0.16998727619648),(-0.072281114757061,0.029939828440547,-0.188879743218422),(-0.0368485748767853,0.0152631839737296,-0.200513660907745),(-0.0331628397107124,0.0221587065607309,0.200513660907745),(-0.0650512725114822,0.0434658862650394,0.188879743218422),(-0.094439759850502,0.0631026774644852,0.16998727619648),(-0.120199114084244,0.0803144946694374,0.144562304019928),(-0.141339138150215,0.0944398492574692,0.113581873476505),(-0.157047688961029,0.10493591427803,0.0782365575432777),(-0.166720896959305,0.111399412155151,0.0398846492171288),(-0.169987052679062,0.113581836223602,0.),(-0.166720896959305,0.111399412155151,-0.0398846492171288),(-0.157047688961029,0.10493591427803,-0.0782365575432777),(-0.141339138150215,0.0944398492574692,-0.113581873476505),(-0.120199114084244,0.0803144946694374,-0.144562304019928),(-0.094439759850502,0.0631026774644852,-0.16998727619648),(-0.0650512725114822,0.0434658862650394,-0.188879743218422),(-0.0331628397107124,0.0221587065607309,-0.200513660907745),(-0.0282026752829552,0.0282026808708906,0.200513660907745),(-0.0553215630352497,0.0553215742111206,0.188879743218422),(-0.0803143978118896,0.080314464867115,0.16998727619648),(-0.102220945060253,0.102220959961414,0.144562304019928),(-0.120199047029018,0.120199106633663,0.113581873476505),(-0.133558079600334,0.133558079600334,0.0782365575432777),(-0.141784459352493,0.141784533858299,0.0398846492171288),(-0.14456208050251,0.144562214612961,0.),(-0.141784459352493,0.141784533858299,-0.0398846492171288),(-0.133558079600334,0.133558079600334,-0.0782365575432777),(-0.120199047029018,0.120199106633663,-0.113581873476505),(-0.102220945060253,0.102220959961414,-0.144562304019928),(-0.0803143978118896,0.080314464867115,-0.16998727619648),(-0.0553215630352497,0.0553215742111206,-0.188879743218422),(-0.0282026752829552,0.0282026808708906,-0.200513660907745),(-0.0221586972475052,0.0331628434360027,0.200513660907745),(-0.043465867638588,0.0650512874126434,0.188879743218422),(-0.0631026029586792,0.0944398045539856,0.16998727619648),(-0.0803144723176956,0.120199128985405,0.144562304019928),(-0.0944397747516632,0.141339182853699,0.113581873476505),(-0.10493590682745,0.157047688961029,0.0782365575432777),(-0.111399315297604,0.16672095656395,0.0398846492171288),(-0.113581664860249,0.169987142086029,0.),(-0.111399315297604,0.16672095656395,-0.0398846492171288),(-0.10493590682745,0.157047688961029,-0.0782365575432777),(-0.0944397747516632,0.141339182853699,-0.113581873476505),(-0.0803144723176956,0.120199128985405,-0.144562304019928),(-0.0631026029586792,0.0944398045539856,-0.16998727619648),(-0.043465867638588,0.0650512874126434,-0.188879743218422),(-0.0221586972475052,0.0331628434360027,-0.200513660907745),(-0.0152631746605039,0.036848571151495,0.200513660907745),(-0.0299398060888052,0.072281114757061,0.188879743218422),(-0.0434658117592335,0.104935869574547,0.16998727619648),(-0.05532156676054,0.133558124303818,0.144562304019928),(-0.0650512278079987,0.157047674059868,0.113581873476505),(-0.0722811073064804,0.174502044916153,0.0782365575432777),(-0.0767331570386887,0.185250386595726,0.0398846492171288),(-0.0782363712787628,0.188879564404488,0.),(-0.0767331570386887,0.185250386595726,-0.0398846492171288),(-0.0722811073064804,0.174502044916153,-0.0782365575432777),(-0.0650512278079987,0.157047674059868,-0.113581873476505),(-0.05532156676054,0.133558124303818,-0.144562304019928),(-0.0434658117592335,0.104935869574547,-0.16998727619648),(-0.0299398060888052,0.072281114757061,-0.188879743218422),(-0.0152631746605039,0.036848571151495,-0.200513660907745),(-0.00778109719976783,0.0391182340681553,0.200513660907745),(-0.0152631727978587,0.076733224093914,0.188879743218422),(-0.0221586544066668,0.111399307847023,0.16998727619648),(-0.0282026808708906,0.14178454875946,0.144562304019928),(-0.0331628024578094,0.166720896959305,0.113581873476505),(-0.0368485823273659,0.185250386595726,0.0782365575432777),(-0.0391181968152523,0.196660742163658,0.0398846492171288),(-0.0398845076560974,0.200513437390327,0.),(-0.0391181968152523,0.196660742163658,-0.0398846492171288),(-0.0368485823273659,0.185250386595726,-0.0782365575432777),(-0.0331628024578094,0.166720896959305,-0.113581873476505),(-0.0282026808708906,0.14178454875946,-0.144562304019928),(-0.0221586544066668,0.111399307847023,-0.16998727619648),(-0.0152631727978587,0.076733224093914,-0.188879743218422),(-0.00778109719976783,0.0391182340681553,-0.200513660907745),(3.04642266968358E-09,0.0398846045136452,0.200513660907745),(1.37089024576653E-08,0.0782365053892136,0.188879743218422),(1.82785360181015E-08,0.144562259316444,0.144562304019928),(1.21856906787343E-08,0.188879638910294,0.0782365575432777),(1.21856906787343E-08,0.188879638910294,-0.0782365575432777),(1.82785360181015E-08,0.144562259316444,-0.144562304019928),(4.41731273781443E-08,0.113581724464893,-0.16998727619648),(1.37089024576653E-08,0.0782365053892136,-0.188879743218422),(3.04642266968358E-09,0.0398846045136452,-0.200513660907745)));
#1799=IFCPOLYGONALFACESET(#1798,.T.,(#1286,#1287,#1288,#1289,#1290,#1291,#1292,#1293,#1294,#1295,#1296,#1297,#1298,#1299,#1300,#1301,#1302,#1303,#1304,#1305,#1306,#1307,#1308,#1309,#1310,#1311,#1312,#1313,#1314,#1315,#1316,#1317,#1318,#1319,#1320,#1321,#1322,#1323,#1324,#1325,#1326,#1327,#1328,#1329,#1330,#1331,#1332,#1333,#1334,#1335,#1336,#1337,#1338,#1339,#1340,#1341,#1342,#1343,#1344,#1345,#1346,#1347,#1348,#1349,#1350,#1351,#1352,#1353,#1354,#1355,#1356,#1357,#1358,#1359,#1360,#1361,#1362,#1363,#1364,#1365,#1366,#1367,#1368,#1369,#1370,#1371,#1372,#1373,#1374,#1375,#1376,#1377,#1378,#1379,#1380,#1381,#1382,#1383,#1384,#1385,#1386,#1387,#1388,#1389,#1390,#1391,#1392,#1393,#1394,#1395,#1396,#1397,#1398,#1399,#1400,#1401,#1402,#1403,#1404,#1405,#1406,#1407,#1408,#1409,#1410,#1411,#1412,#1413,#1414,#1415,#1416,#1417,#1418,#1419,#1420,#1421,#1422,#1423,#1424,#1425,#1426,#1427,#1428,#1429,#1430,#1431,#1432,#1433,#1434,#1435,#1436,#1437,#1438,#1439,#1440,#1441,#1442,#1443,#1444,#1445,#1446,#1447,#1448,#1449,#1450,#1451,#1452,#1453,#1454,#1455,#1456,#1457,#1458,#1459,#1460,#1461,#1462,#1463,#1464,#1465,#1466,#1467,#1468,#1469,#1470,#1471,#1472,#1473,#1474,#1475,#1476,#1477,#1478,#1479,#1480,#1481,#1482,#1483,#1484,#1485,#1486,#1487,#1488,#1489,#1490,#1491,#1492,#1493,#1494,#1495,#1496,#1497,#1498,#1499,#1500,#1501,#1502,#1503,#1504,#1505,#1506,#1507,#1508,#1509,#1510,#1511,#1512,#1513,#1514,#1515,#1516,#1517,#1518,#1519,#1520,#1521,#1522,#1523,#1524,#1525,#1526,#1527,#1528,#1529,#1530,#1531,#1532,#1533,#1534,#1535,#1536,#1537,#1538,#1539,#1540,#1541,#1542,#1543,#1544,#1545,#1546,#1547,#1548,#1549,#1550,#1551,#1552,#1553,#1554,#1555,#1556,#1557,#1558,#1559,#1560,#1561,#1562,#1563,#1564,#1565,#1566,#1567,#1568,#1569,#1570,#1571,#1572,#1573,#1574,#1575,#1576,#1577,#1578,#1579,#1580,#1581,#1582,#1583,#1584,#1585,#1586,#1587,#1588,#1589,#1590,#1591,#1592,#1593,#1594,#1595,#1596,#1597,#1598,#1599,#1600,#1601,#1602,#1603,#1604,#1605,#1606,#1607,#1608,#1609,#1610,#1611,#1612,#1613,#1614,#1615,#1616,#1617,#1618,#1619,#1620,#1621,#1622,#1623,#1624,#1625,#1626,#1627,#1628,#1629,#1630,#1631,#1632,#1633,#1634,#1635,#1636,#1637,#1638,#1639,#1640,#1641,#1642,#1643,#1644,#1645,#1646,#1647,#1648,#1649,#1650,#1651,#1652,#1653,#1654,#1655,#1656,#1657,#1658,#1659,#1660,#1661,#1662,#1663,#1664,#1665,#1666,#1667,#1668,#1669,#1670,#1671,#1672,#1673,#1674,#1675,#1676,#1677,#1678,#1679,#1680,#1681,#1682,#1683,#1684,#1685,#1686,#1687,#1688,#1689,#1690,#1691,#1692,#1693,#1694,#1695,#1696,#1697,#1698,#1699,#1700,#1701,#1702,#1703,#1704,#1705,#1706,#1707,#1708,#1709,#1710,#1711,#1712,#1713,#1714,#1715,#1716,#1717,#1718,#1719,#1720,#1721,#1722,#1723,#1724,#1725,#1726,#1727,#1728,#1729,#1730,#1731,#1732,#1733,#1734,#1735,#1736,#1737,#1738,#1739,#1740,#1741,#1742,#1743,#1744,#1745,#1746,#1747,#1748,#1749,#1750,#1751,#1752,#1753,#1754,#1755,#1756,#1757,#1758,#1759,#1760,#1761,#1762,#1763,#1764,#1765,#1766,#1767,#1768,#1769,#1770,#1771,#1772,#1773,#1774,#1775,#1776,#1777,#1778,#1779,#1780,#1781,#1782,#1783,#1784,#1785,#1786,#1787,#1788,#1789,#1790,#1791,#1792,#1793,#1794,#1795,#1796,#1797),$);
#1800=IFCSHAPEREPRESENTATION(#15,'Body','Tessellation',(#1799));
#1801=IFCCARTESIANPOINT((-0.204441770911217,-0.204441830515862,-0.204441964626312));
#1802=IFCBOUNDINGBOX(#1801,0.408883690834045,0.408883810043335,0.408883929252625);
#1803=IFCSHAPEREPRESENTATION(#17,'Box','BoundingBox',(#1802));
#1804=IFCPRODUCTDEFINITIONSHAPE($,$,(#1803,#1800));
#1805=IFCCARTESIANPOINT((-0.149046361446381,0.799182415008545,0.74976372718811));
#1806=IFCDIRECTION((0.,0.,1.));
#1807=IFCDIRECTION((1.,0.,0.));
#1808=IFCAXIS2PLACEMENT3D(#1805,#1806,#1807);
#1809=IFCLOCALPLACEMENT(#65,#1808);
#1812=IFCMATERIAL('Default',$,$);
#1813=IFCSURFACESTYLE('Unnamed',.BOTH.,(#1814));
#1814=IFCSURFACESTYLESHADING(#1815,$);
#1815=IFCCOLOURRGB($,0.15868079662323,1.,0.0153365302830935);
#1816=IFCSTYLEDITEM(#106,(#1813),'Unnamed');
#1817=IFCSTYLEDITEM(#158,(#1813),'Unnamed');
#1818=IFCSTYLEDITEM(#209,(#1813),'Unnamed');
#1819=IFCSURFACESTYLE('Unnamed_copy',.BOTH.,(#1820));
#1820=IFCSURFACESTYLESHADING(#1821,$);
#1821=IFCCOLOURRGB($,0.15868079662323,1.,0.0153365302830935);
#1822=IFCSTYLEDITEM(#739,(#1825),'Unnamed_copy');
#1823=IFCSTYLEDITEM(#1269,(#1825),'Unnamed_copy');
#1824=IFCSTYLEDITEM(#1799,(#1825),'Unnamed_copy');
#1825=IFCSURFACESTYLE('Unnamed.001',.BOTH.,(#1826));
#1826=IFCSURFACESTYLESHADING(#1827,$);
#1827=IFCCOLOURRGB($,1.,0.,0.00399895757436752);
ENDSEC;
END-ISO-10303-21;
